"Trends","Search volume","Started","Ended","Trend breakdown","Explore link"
"청소","100K+","July 31, 2026 at 7:30:00 AM UTC+9",,"청소","https://trends.google.com/trends/explore?q=%EC%B2%AD%EC%86%8C&geo=KR&hl=en-US"
"김희철","100K+","August 2, 2026 at 7:00:00 AM UTC+9",,"김희철,아는 형님","https://trends.google.com/trends/explore?q=%EA%B9%80%ED%9D%AC%EC%B2%A0&geo=KR&hl=en-US"
"김빈우","100K+","August 2, 2026 at 11:50:00 AM UTC+9",,"김빈우","https://trends.google.com/trends/explore?q=%EA%B9%80%EB%B9%88%EC%9A%B0&geo=KR&hl=en-US"
"박동빈","50K+","August 2, 2026 at 10:40:00 AM UTC+9",,"박동빈","https://trends.google.com/trends/explore?q=%EB%B0%95%EB%8F%99%EB%B9%88&geo=KR&hl=en-US"
"해병대","50K+","August 3, 2026 at 3:10:00 PM UTC+9",,"해병대,부사관,사고","https://trends.google.com/trends/explore?q=%ED%95%B4%EB%B3%91%EB%8C%80&geo=KR&hl=en-US"
"화산분화","20K+","August 3, 2026 at 11:20:00 PM UTC+9",,"화산분화","https://trends.google.com/trends/explore?q=%ED%99%94%EC%82%B0%EB%B6%84%ED%99%94&geo=KR&hl=en-US"
"스파이더맨","200K+","July 29, 2026 at 12:30:00 AM UTC+9",,"스파이더맨,진 그레이,세이디 싱크,진그레이,톰홀랜드,스파이더맨 쿠키,스파이더맨 브랜드 뉴 데이,스파이더맨 브랜드 뉴 데이 쿠키,스파이더맨 노웨이홈,톰 홀랜드,스파이더맨 쿠키영상,스파이더맨 브랜드 뉴 데이 쿠키영상,브랜드 뉴 데이,스크린x,세이디싱크,스파이더맨 진그레이,노웨이홈,스파이더맨 홈커밍,어벤져스: 둠스데이,스파이더맨: 브랜드 뉴 데이,브랜드 뉴 데이 쿠키","https://trends.google.com/trends/explore?q=%EC%8A%A4%ED%8C%8C%EC%9D%B4%EB%8D%94%EB%A7%A8&geo=KR&hl=en-US"
"오태완","20K+","August 3, 2026 at 7:30:00 PM UTC+9",,"오태완,의령군","https://trends.google.com/trends/explore?q=%EC%98%A4%ED%83%9C%EC%99%84&geo=KR&hl=en-US"
"상어","20K+","August 3, 2026 at 1:00:00 PM UTC+9",,"상어","https://trends.google.com/trends/explore?q=%EC%83%81%EC%96%B4&geo=KR&hl=en-US"
"sk그룹","50K+","August 3, 2026 at 2:30:00 PM UTC+9",,"sk그룹","https://trends.google.com/trends/explore?q=sk%EA%B7%B8%EB%A3%B9&geo=KR&hl=en-US"
"kia 대 nc","50K+","July 31, 2026 at 5:30:00 PM UTC+9",,"kia 대 nc,오선우","https://trends.google.com/trends/explore?q=kia%20%EB%8C%80%20nc&geo=KR&hl=en-US"
"전기 요금","50K+","August 3, 2026 at 7:30:00 PM UTC+9",,"전기 요금","https://trends.google.com/trends/explore?q=%EC%A0%84%EA%B8%B0%20%EC%9A%94%EA%B8%88&geo=KR&hl=en-US"
"소송","20K+","August 3, 2026 at 6:20:00 PM UTC+9",,"소송,유류분,재산","https://trends.google.com/trends/explore?q=%EC%86%8C%EC%86%A1&geo=KR&hl=en-US"
"권은비","20K+","August 2, 2026 at 11:50:00 PM UTC+9",,"권은비","https://trends.google.com/trends/explore?q=%EA%B6%8C%EC%9D%80%EB%B9%84&geo=KR&hl=en-US"
"정은혜","50K+","July 31, 2026 at 5:00:00 PM UTC+9",,"정은혜","https://trends.google.com/trends/explore?q=%EC%A0%95%EC%9D%80%ED%98%9C&geo=KR&hl=en-US"
"성리","20K+","August 3, 2026 at 3:00:00 PM UTC+9",,"성리,전설 의 사내,전설의 사내","https://trends.google.com/trends/explore?q=%EC%84%B1%EB%A6%AC&geo=KR&hl=en-US"
"정준원","10K+","August 1, 2026 at 7:00:00 PM UTC+9",,"정준원,유부녀킬러 드라마","https://trends.google.com/trends/explore?q=%EC%A0%95%EC%A4%80%EC%9B%90&geo=KR&hl=en-US"
"여객선","20K+","August 3, 2026 at 12:40:00 AM UTC+9",,"여객선,인도네시아","https://trends.google.com/trends/explore?q=%EC%97%AC%EA%B0%9D%EC%84%A0&geo=KR&hl=en-US"
"태풍 돌핀 예상 경로","200K+","July 29, 2026 at 9:00:00 PM UTC+9",,"태풍 돌핀 예상 경로,돌핀 경로,돌핀,태풍 경로,돌핀 태풍,태풍 루사,슈퍼태풍,태풍경로,돌핀 예상 경로,슈퍼 태풍,강풍,태풍 돌핀 경로,이투데이","https://trends.google.com/trends/explore?q=%ED%83%9C%ED%92%8D%20%EB%8F%8C%ED%95%80%20%EC%98%88%EC%83%81%20%EA%B2%BD%EB%A1%9C&geo=KR&hl=en-US"
"학림도","10K+","August 2, 2026 at 10:00:00 AM UTC+9",,"학림도","https://trends.google.com/trends/explore?q=%ED%95%99%EB%A6%BC%EB%8F%84&geo=KR&hl=en-US"
"손아섭","20K+","August 3, 2026 at 4:00:00 PM UTC+9",,"손아섭","https://trends.google.com/trends/explore?q=%EC%86%90%EC%95%84%EC%84%AD&geo=KR&hl=en-US"
"김서연","10K+","August 2, 2026 at 9:40:00 PM UTC+9",,"김서연,김도윤,배우 김서연","https://trends.google.com/trends/explore?q=%EA%B9%80%EC%84%9C%EC%97%B0&geo=KR&hl=en-US"
"차가 원","10K+","August 4, 2026 at 6:10:00 AM UTC+9",,"차가 원,차가원,원헌드레드레이블,구속영장,mc몽","https://trends.google.com/trends/explore?q=%EC%B0%A8%EA%B0%80%20%EC%9B%90&geo=KR&hl=en-US"
"다저스 대 컵스","5K+","August 4, 2026 at 8:20:00 AM UTC+9",,"다저스 대 컵스","https://trends.google.com/trends/explore?q=%EB%8B%A4%EC%A0%80%EC%8A%A4%20%EB%8C%80%20%EC%BB%B5%EC%8A%A4&geo=KR&hl=en-US"
"폭발","10K+","August 4, 2026 at 12:40:00 AM UTC+9",,"폭발,폭탄","https://trends.google.com/trends/explore?q=%ED%8F%AD%EB%B0%9C&geo=KR&hl=en-US"
"kg모빌리티","10K+","August 1, 2026 at 8:10:00 PM UTC+9",,"kg모빌리티","https://trends.google.com/trends/explore?q=kg%EB%AA%A8%EB%B9%8C%EB%A6%AC%ED%8B%B0&geo=KR&hl=en-US"
"양평군","5K+","August 3, 2026 at 8:40:00 PM UTC+9",,"양평군","https://trends.google.com/trends/explore?q=%EC%96%91%ED%8F%89%EA%B5%B0&geo=KR&hl=en-US"
"이병한","10K+","July 30, 2026 at 7:20:00 PM UTC+9",,"이병한","https://trends.google.com/trends/explore?q=%EC%9D%B4%EB%B3%91%ED%95%9C&geo=KR&hl=en-US"
"종부세 개편안","5K+","August 4, 2026 at 2:30:00 AM UTC+9",,"종부세 개편안,세제개편안,반포 자이,반포자이,종부세,이데일리","https://trends.google.com/trends/explore?q=%EC%A2%85%EB%B6%80%EC%84%B8%20%EA%B0%9C%ED%8E%B8%EC%95%88&geo=KR&hl=en-US"
"샤를리즈 테론","10K+","August 3, 2026 at 12:20:00 PM UTC+9",,"샤를리즈 테론,오디세이,맷 데이비슨,키움 히어로즈,크리스토퍼 놀란,맷 데이먼,맷데이먼","https://trends.google.com/trends/explore?q=%EC%83%A4%EB%A5%BC%EB%A6%AC%EC%A6%88%20%ED%85%8C%EB%A1%A0&geo=KR&hl=en-US"
"개인종합자산관리계좌","2K+","August 4, 2026 at 5:50:00 AM UTC+9",,"개인종합자산관리계좌","https://trends.google.com/trends/explore?q=%EA%B0%9C%EC%9D%B8%EC%A2%85%ED%95%A9%EC%9E%90%EC%82%B0%EA%B4%80%EB%A6%AC%EA%B3%84%EC%A2%8C&geo=KR&hl=en-US"
"청년","2K+","August 3, 2026 at 9:00:00 PM UTC+9",,"청년","https://trends.google.com/trends/explore?q=%EC%B2%AD%EB%85%84&geo=KR&hl=en-US"
"환급금","5K+","August 3, 2026 at 5:00:00 PM UTC+9",,"환급금","https://trends.google.com/trends/explore?q=%ED%99%98%EA%B8%89%EA%B8%88&geo=KR&hl=en-US"
"정재용","2K+","August 4, 2026 at 5:10:00 AM UTC+9",,"정재용","https://trends.google.com/trends/explore?q=%EC%A0%95%EC%9E%AC%EC%9A%A9&geo=KR&hl=en-US"
"isa 개편","20K+","August 3, 2026 at 10:50:00 PM UTC+9",,"isa 개편,상속,총소득,근로장려금","https://trends.google.com/trends/explore?q=isa%20%EA%B0%9C%ED%8E%B8&geo=KR&hl=en-US"
"이찬원","2K+","August 4, 2026 at 2:40:00 AM UTC+9",,"이찬원","https://trends.google.com/trends/explore?q=%EC%9D%B4%EC%B0%AC%EC%9B%90&geo=KR&hl=en-US"
"잭 그릴리시","2K+","August 4, 2026 at 4:50:00 AM UTC+9",,"잭 그릴리시","https://trends.google.com/trends/explore?q=%EC%9E%AD%20%EA%B7%B8%EB%A6%B4%EB%A6%AC%EC%8B%9C&geo=KR&hl=en-US"
"서울수도권","20K+","August 4, 2026 at 5:40:00 AM UTC+9",,"서울수도권,양산,폭염중대경보,열대야,디지털타임스,기상,기온,양산 날씨,부산 날씨,대구 날씨","https://trends.google.com/trends/explore?q=%EC%84%9C%EC%9A%B8%EC%88%98%EB%8F%84%EA%B6%8C&geo=KR&hl=en-US"
"유하진","20K+","August 4, 2026 at 9:10:00 AM UTC+9",,"유하진,청혼,배우","https://trends.google.com/trends/explore?q=%EC%9C%A0%ED%95%98%EC%A7%84&geo=KR&hl=en-US"
"지효","5K+","August 3, 2026 at 6:40:00 PM UTC+9",,"지효,하이브,튜이드","https://trends.google.com/trends/explore?q=%EC%A7%80%ED%9A%A8&geo=KR&hl=en-US"
"지연수","2K+","August 4, 2026 at 5:10:00 AM UTC+9",,"지연수","https://trends.google.com/trends/explore?q=%EC%A7%80%EC%97%B0%EC%88%98&geo=KR&hl=en-US"
"유산","50K+","August 3, 2026 at 9:00:00 AM UTC+9","August 4, 2026 at 9:20:00 AM UTC+9","유산","https://trends.google.com/trends/explore?q=%EC%9C%A0%EC%82%B0&geo=KR&hl=en-US"
"배당","100K+","August 3, 2026 at 5:40:00 AM UTC+9","August 4, 2026 at 10:50:00 AM UTC+9","배당","https://trends.google.com/trends/explore?q=%EB%B0%B0%EB%8B%B9&geo=KR&hl=en-US"
"화이트캡스 대 엘에이 fc","200K+","August 2, 2026 at 7:40:00 AM UTC+9","August 4, 2026 at 10:10:00 AM UTC+9","화이트캡스 대 엘에이 fc,밴쿠버 화이트캡스 fc,손흥민,로스 앤젤레스 fc,로스앤젤레스 fc,mls 올스타전,밴쿠버 화이트캡스 fc 대 로스 앤젤레스 fc,토마스 뮐러,mls 올스타","https://trends.google.com/trends/explore?q=%ED%99%94%EC%9D%B4%ED%8A%B8%EC%BA%A1%EC%8A%A4%20%EB%8C%80%20%EC%97%98%EC%97%90%EC%9D%B4%20fc&geo=KR&hl=en-US"
"암","50K+","August 3, 2026 at 8:20:00 AM UTC+9","August 4, 2026 at 10:50:00 AM UTC+9","암","https://trends.google.com/trends/explore?q=%EC%95%94&geo=KR&hl=en-US"
"편지","500+","August 4, 2026 at 7:40:00 AM UTC+9",,"편지","https://trends.google.com/trends/explore?q=%ED%8E%B8%EC%A7%80&geo=KR&hl=en-US"
"한화에어로스페이스","1K+","August 4, 2026 at 6:40:00 AM UTC+9",,"한화에어로스페이스","https://trends.google.com/trends/explore?q=%ED%95%9C%ED%99%94%EC%97%90%EC%96%B4%EB%A1%9C%EC%8A%A4%ED%8E%98%EC%9D%B4%EC%8A%A4&geo=KR&hl=en-US"
"최진실","500+","August 4, 2026 at 9:00:00 AM UTC+9",,"최진실,홍진경","https://trends.google.com/trends/explore?q=%EC%B5%9C%EC%A7%84%EC%8B%A4&geo=KR&hl=en-US"
"송아지","50K+","August 2, 2026 at 6:10:00 PM UTC+9","August 4, 2026 at 10:30:00 AM UTC+9","송아지","https://trends.google.com/trends/explore?q=%EC%86%A1%EC%95%84%EC%A7%80&geo=KR&hl=en-US"
"여에스더","50K+","August 3, 2026 at 5:10:00 PM UTC+9","August 4, 2026 at 9:00:00 AM UTC+9","여에스더","https://trends.google.com/trends/explore?q=%EC%97%AC%EC%97%90%EC%8A%A4%EB%8D%94&geo=KR&hl=en-US"
"파산","500+","August 4, 2026 at 9:20:00 AM UTC+9",,"파산","https://trends.google.com/trends/explore?q=%ED%8C%8C%EC%82%B0&geo=KR&hl=en-US"
"미국 중간선거","1K+","August 4, 2026 at 4:30:00 AM UTC+9",,"미국 중간선거","https://trends.google.com/trends/explore?q=%EB%AF%B8%EA%B5%AD%20%EC%A4%91%EA%B0%84%EC%84%A0%EA%B1%B0&geo=KR&hl=en-US"
"황정민","100K+","July 29, 2026 at 8:10:00 AM UTC+9","August 3, 2026 at 3:50:00 PM UTC+9","황정민,황정민 폭로녀,황정민 폭로,황정민 사생활,황정민 논란,황정민 녹취,덕분,황정민 디스패치,디스패치,영화,디스패치 황정민,황정민 카톡","https://trends.google.com/trends/explore?q=%ED%99%A9%EC%A0%95%EB%AF%BC&geo=KR&hl=en-US"
"천궁","10K+","August 3, 2026 at 3:30:00 PM UTC+9","August 4, 2026 at 10:10:00 AM UTC+9","천궁","https://trends.google.com/trends/explore?q=%EC%B2%9C%EA%B6%81&geo=KR&hl=en-US"
"김다예","5K+","August 3, 2026 at 5:30:00 AM UTC+9","August 4, 2026 at 10:00:00 AM UTC+9","김다예","https://trends.google.com/trends/explore?q=%EA%B9%80%EB%8B%A4%EC%98%88&geo=KR&hl=en-US"
"농업","1K+","August 4, 2026 at 2:50:00 AM UTC+9",,"농업","https://trends.google.com/trends/explore?q=%EB%86%8D%EC%97%85&geo=KR&hl=en-US"
"땅집고","20K+","August 3, 2026 at 10:30:00 AM UTC+9","August 4, 2026 at 10:10:00 AM UTC+9","땅집고","https://trends.google.com/trends/explore?q=%EB%95%85%EC%A7%91%EA%B3%A0&geo=KR&hl=en-US"
"인터 마이애미 cf","1K+","August 3, 2026 at 10:40:00 PM UTC+9",,"인터 마이애미 cf,카세미루","https://trends.google.com/trends/explore?q=%EC%9D%B8%ED%84%B0%20%EB%A7%88%EC%9D%B4%EC%95%A0%EB%AF%B8%20cf&geo=KR&hl=en-US"
"폐지","50K+","August 4, 2026 at 6:50:00 AM UTC+9",,"폐지,박지원,보완수사권,보완수사권 폐지,경찰,형사소송법,거부권,구자현,만평,이언주,검찰,이소영,이소영 의원,이주영,본회의,곽상언 의원,필리버스터,공소기각","https://trends.google.com/trends/explore?q=%ED%8F%90%EC%A7%80&geo=KR&hl=en-US"
"삼성 대 롯데","50K+","July 31, 2026 at 5:30:00 PM UTC+9","August 4, 2026 at 7:50:00 AM UTC+9","삼성 대 롯데","https://trends.google.com/trends/explore?q=%EC%82%BC%EC%84%B1%20%EB%8C%80%20%EB%A1%AF%EB%8D%B0&geo=KR&hl=en-US"
"복도","100K+","August 1, 2026 at 12:00:00 AM UTC+9","August 3, 2026 at 11:00:00 AM UTC+9","복도","https://trends.google.com/trends/explore?q=%EB%B3%B5%EB%8F%84&geo=KR&hl=en-US"
"매그니피센트 7","5K+","August 4, 2026 at 9:20:00 AM UTC+9",,"매그니피센트 7,넷플릭스","https://trends.google.com/trends/explore?q=%EB%A7%A4%EA%B7%B8%EB%8B%88%ED%94%BC%EC%84%BC%ED%8A%B8%207&geo=KR&hl=en-US"
"화암동굴","200+","August 4, 2026 at 9:30:00 AM UTC+9",,"화암동굴","https://trends.google.com/trends/explore?q=%ED%99%94%EC%95%94%EB%8F%99%EA%B5%B4&geo=KR&hl=en-US"
"반포 디에이치 클래스트","500+","August 4, 2026 at 6:40:00 AM UTC+9",,"반포 디에이치 클래스트","https://trends.google.com/trends/explore?q=%EB%B0%98%ED%8F%AC%20%EB%94%94%EC%97%90%EC%9D%B4%EC%B9%98%20%ED%81%B4%EB%9E%98%EC%8A%A4%ED%8A%B8&geo=KR&hl=en-US"
"평촌신도시","500+","August 3, 2026 at 8:50:00 PM UTC+9",,"평촌신도시","https://trends.google.com/trends/explore?q=%ED%8F%89%EC%B4%8C%EC%8B%A0%EB%8F%84%EC%8B%9C&geo=KR&hl=en-US"
"민생지원금","10K+","August 4, 2026 at 5:50:00 AM UTC+9","August 4, 2026 at 8:40:00 AM UTC+9","민생지원금","https://trends.google.com/trends/explore?q=%EB%AF%BC%EC%83%9D%EC%A7%80%EC%9B%90%EA%B8%88&geo=KR&hl=en-US"
"히 샬리 송","50K+","August 3, 2026 at 4:00:00 AM UTC+9","August 4, 2026 at 10:30:00 AM UTC+9","히 샬리 송,첼시 대 토트넘,히샬리송,첼시 토트넘,토트넘 첼시,토트넘","https://trends.google.com/trends/explore?q=%ED%9E%88%20%EC%83%AC%EB%A6%AC%20%EC%86%A1&geo=KR&hl=en-US"
"우리은행","5K+","August 3, 2026 at 6:20:00 PM UTC+9","August 4, 2026 at 10:00:00 AM UTC+9","우리은행","https://trends.google.com/trends/explore?q=%EC%9A%B0%EB%A6%AC%EC%9D%80%ED%96%89&geo=KR&hl=en-US"
"미국 상품거래위원회","500+","August 4, 2026 at 7:10:00 AM UTC+9",,"미국 상품거래위원회","https://trends.google.com/trends/explore?q=%EB%AF%B8%EA%B5%AD%20%EC%83%81%ED%92%88%EA%B1%B0%EB%9E%98%EC%9C%84%EC%9B%90%ED%9A%8C&geo=KR&hl=en-US"
"학교 폭력","500+","August 4, 2026 at 6:40:00 AM UTC+9",,"학교 폭력","https://trends.google.com/trends/explore?q=%ED%95%99%EA%B5%90%20%ED%8F%AD%EB%A0%A5&geo=KR&hl=en-US"
"김세인","50K+","July 30, 2026 at 9:40:00 PM UTC+9","August 4, 2026 at 7:50:00 AM UTC+9","김세인,배우","https://trends.google.com/trends/explore?q=%EA%B9%80%EC%84%B8%EC%9D%B8&geo=KR&hl=en-US"
"폴더 블 스마트 폰","50K+","August 1, 2026 at 6:30:00 AM UTC+9","August 3, 2026 at 5:00:00 PM UTC+9","폴더 블 스마트 폰,스마트폰,삼성 갤럭시 z 플립,폴더블 스마트폰","https://trends.google.com/trends/explore?q=%ED%8F%B4%EB%8D%94%20%EB%B8%94%20%EC%8A%A4%EB%A7%88%ED%8A%B8%20%ED%8F%B0&geo=KR&hl=en-US"
"박성광","10K+","August 3, 2026 at 5:00:00 AM UTC+9","August 4, 2026 at 9:10:00 AM UTC+9","박성광,이솔이,스타뉴스","https://trends.google.com/trends/explore?q=%EB%B0%95%EC%84%B1%EA%B4%91&geo=KR&hl=en-US"
"김수현","5K+","August 3, 2026 at 2:00:00 PM UTC+9","August 4, 2026 at 9:40:00 AM UTC+9","김수현,아동복지법","https://trends.google.com/trends/explore?q=%EA%B9%80%EC%88%98%ED%98%84&geo=KR&hl=en-US"
"신생아","20K+","August 2, 2026 at 9:10:00 PM UTC+9","August 4, 2026 at 8:50:00 AM UTC+9","신생아,의료과실","https://trends.google.com/trends/explore?q=%EC%8B%A0%EC%83%9D%EC%95%84&geo=KR&hl=en-US"
"신지","10K+","August 3, 2026 at 6:40:00 PM UTC+9","August 4, 2026 at 9:30:00 AM UTC+9","신지","https://trends.google.com/trends/explore?q=%EC%8B%A0%EC%A7%80&geo=KR&hl=en-US"
"이강인","5K+","August 4, 2026 at 7:30:00 AM UTC+9","August 4, 2026 at 9:10:00 AM UTC+9","이강인","https://trends.google.com/trends/explore?q=%EC%9D%B4%EA%B0%95%EC%9D%B8&geo=KR&hl=en-US"
"두부","20K+","July 30, 2026 at 7:10:00 PM UTC+9","August 3, 2026 at 11:50:00 AM UTC+9","두부","https://trends.google.com/trends/explore?q=%EB%91%90%EB%B6%80&geo=KR&hl=en-US"
"국민연금공단","10K+","August 4, 2026 at 4:40:00 AM UTC+9","August 4, 2026 at 10:10:00 AM UTC+9","국민연금공단,연기금","https://trends.google.com/trends/explore?q=%EA%B5%AD%EB%AF%BC%EC%97%B0%EA%B8%88%EA%B3%B5%EB%8B%A8&geo=KR&hl=en-US"
"팔란티어 주가","1K+","August 4, 2026 at 5:40:00 AM UTC+9",,"팔란티어 주가,팔란티어","https://trends.google.com/trends/explore?q=%ED%8C%94%EB%9E%80%ED%8B%B0%EC%96%B4%20%EC%A3%BC%EA%B0%80&geo=KR&hl=en-US"
"한국은행 기준금리","2K+","August 3, 2026 at 2:20:00 PM UTC+9","August 4, 2026 at 10:00:00 AM UTC+9","한국은행 기준금리","https://trends.google.com/trends/explore?q=%ED%95%9C%EA%B5%AD%EC%9D%80%ED%96%89%20%EA%B8%B0%EC%A4%80%EA%B8%88%EB%A6%AC&geo=KR&hl=en-US"
"문근영 정평","200K+","July 29, 2026 at 2:30:00 PM UTC+9","August 1, 2026 at 9:40:00 AM UTC+9","문근영 정평,문근영,정평,문근영 결혼,배우 정평,정평 배우,문근영 남편,뮤지컬배우 정평,뮤지컬 배우 정평","https://trends.google.com/trends/explore?q=%EB%AC%B8%EA%B7%BC%EC%98%81%20%EC%A0%95%ED%8F%89&geo=KR&hl=en-US"
"다슬기","10K+","August 3, 2026 at 8:40:00 AM UTC+9","August 4, 2026 at 10:50:00 AM UTC+9","다슬기","https://trends.google.com/trends/explore?q=%EB%8B%A4%EC%8A%AC%EA%B8%B0&geo=KR&hl=en-US"
"이범호","10K+","August 3, 2026 at 9:50:00 AM UTC+9","August 4, 2026 at 7:20:00 AM UTC+9","이범호,김도영","https://trends.google.com/trends/explore?q=%EC%9D%B4%EB%B2%94%ED%98%B8&geo=KR&hl=en-US"
"한화 대 kt","50K+","July 31, 2026 at 5:30:00 PM UTC+9","August 3, 2026 at 10:30:00 AM UTC+9","한화 대 kt,짐머맨","https://trends.google.com/trends/explore?q=%ED%95%9C%ED%99%94%20%EB%8C%80%20kt&geo=KR&hl=en-US"
"자 오즈 민","50K+","August 1, 2026 at 10:50:00 AM UTC+9","August 3, 2026 at 2:20:00 PM UTC+9","자 오즈 민,자오즈민,안재형","https://trends.google.com/trends/explore?q=%EC%9E%90%20%EC%98%A4%EC%A6%88%20%EB%AF%BC&geo=KR&hl=en-US"
"경주기행","20K+","August 2, 2026 at 11:10:00 AM UTC+9","August 3, 2026 at 7:20:00 PM UTC+9","경주기행","https://trends.google.com/trends/explore?q=%EA%B2%BD%EC%A3%BC%EA%B8%B0%ED%96%89&geo=KR&hl=en-US"
"산악인","10K+","August 2, 2026 at 7:40:00 PM UTC+9","August 4, 2026 at 7:40:00 AM UTC+9","산악인,브로드 피크","https://trends.google.com/trends/explore?q=%EC%82%B0%EC%95%85%EC%9D%B8&geo=KR&hl=en-US"
"lg 대 두산","20K+","July 31, 2026 at 5:30:00 PM UTC+9","August 3, 2026 at 10:10:00 AM UTC+9","lg 대 두산","https://trends.google.com/trends/explore?q=lg%20%EB%8C%80%20%EB%91%90%EC%82%B0&geo=KR&hl=en-US"
"수영","10K+","August 2, 2026 at 11:40:00 PM UTC+9","August 4, 2026 at 9:20:00 AM UTC+9","수영,정경호","https://trends.google.com/trends/explore?q=%EC%88%98%EC%98%81&geo=KR&hl=en-US"
"박성재","50K+","July 31, 2026 at 7:30:00 PM UTC+9","August 3, 2026 at 6:40:00 AM UTC+9","박성재","https://trends.google.com/trends/explore?q=%EB%B0%95%EC%84%B1%EC%9E%AC&geo=KR&hl=en-US"
"ssg 대 키움","20K+","July 31, 2026 at 5:40:00 PM UTC+9","August 3, 2026 at 7:00:00 AM UTC+9","ssg 대 키움,맷 데이비슨","https://trends.google.com/trends/explore?q=ssg%20%EB%8C%80%20%ED%82%A4%EC%9B%80&geo=KR&hl=en-US"
"박지윤","2K+","August 4, 2026 at 6:30:00 AM UTC+9","August 4, 2026 at 10:10:00 AM UTC+9","박지윤","https://trends.google.com/trends/explore?q=%EB%B0%95%EC%A7%80%EC%9C%A4&geo=KR&hl=en-US"
"변 요한","50K+","July 31, 2026 at 9:30:00 PM UTC+9","August 2, 2026 at 5:50:00 PM UTC+9","변 요한,변요한","https://trends.google.com/trends/explore?q=%EB%B3%80%20%EC%9A%94%ED%95%9C&geo=KR&hl=en-US"
"1 군단장","20K+","August 3, 2026 at 3:20:00 PM UTC+9","August 4, 2026 at 9:40:00 AM UTC+9","1 군단장,미군,한기성,1군단장,1군단,한기성 중장,훈련,두루미 발령,무인기","https://trends.google.com/trends/explore?q=1%20%EA%B5%B0%EB%8B%A8%EC%9E%A5&geo=KR&hl=en-US"
"맨체스터 유나이티드 fc","2K+","August 4, 2026 at 6:20:00 AM UTC+9","August 4, 2026 at 10:00:00 AM UTC+9","맨체스터 유나이티드 fc,제이든 산초,산초","https://trends.google.com/trends/explore?q=%EB%A7%A8%EC%B2%B4%EC%8A%A4%ED%84%B0%20%EC%9C%A0%EB%82%98%EC%9D%B4%ED%8B%B0%EB%93%9C%20fc&geo=KR&hl=en-US"
"아틀레티코 마드리드","50K+","August 1, 2026 at 4:40:00 AM UTC+9","August 2, 2026 at 2:20:00 PM UTC+9","아틀레티코 마드리드,안정환,파리 생제르맹 fc,앙투안 그리즈만,이적 시장","https://trends.google.com/trends/explore?q=%EC%95%84%ED%8B%80%EB%A0%88%ED%8B%B0%EC%BD%94%20%EB%A7%88%EB%93%9C%EB%A6%AC%EB%93%9C&geo=KR&hl=en-US"
"나는 solo, 그 후 사랑은 계속된다","20K+","July 31, 2026 at 7:40:00 AM UTC+9","August 4, 2026 at 10:30:00 AM UTC+9","나는 solo, 그 후 사랑은 계속된다,나솔사계","https://trends.google.com/trends/explore?q=%EB%82%98%EB%8A%94%20solo%2C%20%EA%B7%B8%20%ED%9B%84%20%EC%82%AC%EB%9E%91%EC%9D%80%20%EA%B3%84%EC%86%8D%EB%90%9C%EB%8B%A4&geo=KR&hl=en-US"
"반도체 산업","5K+","August 3, 2026 at 3:00:00 PM UTC+9","August 4, 2026 at 9:00:00 AM UTC+9","반도체 산업,반도체산업","https://trends.google.com/trends/explore?q=%EB%B0%98%EB%8F%84%EC%B2%B4%20%EC%82%B0%EC%97%85&geo=KR&hl=en-US"
"전현무","2K+","August 3, 2026 at 9:10:00 PM UTC+9","August 4, 2026 at 9:10:00 AM UTC+9","전현무","https://trends.google.com/trends/explore?q=%EC%A0%84%ED%98%84%EB%AC%B4&geo=KR&hl=en-US"
"보이콧","50K+","July 31, 2026 at 10:40:00 AM UTC+9","August 2, 2026 at 3:10:00 PM UTC+9","보이콧,bts 그래미 보이콧,방탄소년단,그래미,그래미 어워드,그래미 보이콧,방탄 그래미","https://trends.google.com/trends/explore?q=%EB%B3%B4%EC%9D%B4%EC%BD%A7&geo=KR&hl=en-US"
"호텔","20K+","August 1, 2026 at 3:10:00 PM UTC+9","August 3, 2026 at 11:30:00 AM UTC+9","호텔","https://trends.google.com/trends/explore?q=%ED%98%B8%ED%85%94&geo=KR&hl=en-US"
"대피소","100K+","August 3, 2026 at 11:00:00 PM UTC+9","August 4, 2026 at 9:20:00 AM UTC+9","대피소,지진,구마모토 지진,구마모토현,일본지진,원피스,부산 지진,규슈,구름,구마모토 이온몰,폭발,일본,쿠마모토,이온몰,규슈 지진,일본 지진 실시간,일본 구마모토,쿠마모토 지진,지진동,지진 실시간,부산지진,일본 구마모토 지진,한국 지진,창원 지진,구마모토 쇼핑몰,구마모토지진,구마모토성,티웨이","https://trends.google.com/trends/explore?q=%EB%8C%80%ED%94%BC%EC%86%8C&geo=KR&hl=en-US"
"강득구","5K+","August 3, 2026 at 7:20:00 PM UTC+9","August 4, 2026 at 9:20:00 AM UTC+9","강득구,최민희,서미화","https://trends.google.com/trends/explore?q=%EA%B0%95%EB%93%9D%EA%B5%AC&geo=KR&hl=en-US"
"김재중","20K+","July 31, 2026 at 5:20:00 AM UTC+9","August 3, 2026 at 8:10:00 AM UTC+9","김재중","https://trends.google.com/trends/explore?q=%EA%B9%80%EC%9E%AC%EC%A4%91&geo=KR&hl=en-US"
"kia 대 삼성","100K+","July 28, 2026 at 5:40:00 PM UTC+9","July 31, 2026 at 10:20:00 PM UTC+9","kia 대 삼성,박진만,전병우","https://trends.google.com/trends/explore?q=kia%20%EB%8C%80%20%EC%82%BC%EC%84%B1&geo=KR&hl=en-US"
"건설","5K+","August 3, 2026 at 5:10:00 AM UTC+9","August 4, 2026 at 9:00:00 AM UTC+9","건설","https://trends.google.com/trends/explore?q=%EA%B1%B4%EC%84%A4&geo=KR&hl=en-US"
"당구","2K+","August 4, 2026 at 7:30:00 AM UTC+9","August 4, 2026 at 9:20:00 AM UTC+9","당구","https://trends.google.com/trends/explore?q=%EB%8B%B9%EA%B5%AC&geo=KR&hl=en-US"
"아들","50K+","July 28, 2026 at 5:00:00 PM UTC+9","August 1, 2026 at 10:00:00 AM UTC+9","아들","https://trends.google.com/trends/explore?q=%EC%95%84%EB%93%A4&geo=KR&hl=en-US"
"재벌x형사","10K+","August 2, 2026 at 10:10:00 PM UTC+9","August 3, 2026 at 7:00:00 PM UTC+9","재벌x형사,스타뉴스","https://trends.google.com/trends/explore?q=%EC%9E%AC%EB%B2%8Cx%ED%98%95%EC%82%AC&geo=KR&hl=en-US"
"인도네시아 대 베트남","2K+","August 3, 2026 at 9:40:00 PM UTC+9","August 4, 2026 at 9:10:00 AM UTC+9","인도네시아 대 베트남,베트남 축구 국가대표팀","https://trends.google.com/trends/explore?q=%EC%9D%B8%EB%8F%84%EB%84%A4%EC%8B%9C%EC%95%84%20%EB%8C%80%20%EB%B2%A0%ED%8A%B8%EB%82%A8&geo=KR&hl=en-US"
"덤프 트럭","50K+","July 29, 2026 at 4:50:00 PM UTC+9","August 2, 2026 at 5:20:00 PM UTC+9","덤프 트럭","https://trends.google.com/trends/explore?q=%EB%8D%A4%ED%94%84%20%ED%8A%B8%EB%9F%AD&geo=KR&hl=en-US"
"엄정화 나이","1K+","August 4, 2026 at 8:30:00 AM UTC+9","August 4, 2026 at 10:30:00 AM UTC+9","엄정화 나이,오케이! 마담","https://trends.google.com/trends/explore?q=%EC%97%84%EC%A0%95%ED%99%94%20%EB%82%98%EC%9D%B4&geo=KR&hl=en-US"
"일본 지진","50K+","July 28, 2026 at 4:30:00 PM UTC+9","August 2, 2026 at 9:50:00 PM UTC+9","일본 지진,구마모토","https://trends.google.com/trends/explore?q=%EC%9D%BC%EB%B3%B8%20%EC%A7%80%EC%A7%84&geo=KR&hl=en-US"
"에코프로 비엠","5K+","August 3, 2026 at 12:00:00 PM UTC+9","August 4, 2026 at 8:10:00 AM UTC+9","에코프로 비엠","https://trends.google.com/trends/explore?q=%EC%97%90%EC%BD%94%ED%94%84%EB%A1%9C%20%EB%B9%84%EC%97%A0&geo=KR&hl=en-US"
"레드삭스 대 다저스","20K+","August 1, 2026 at 10:30:00 AM UTC+9","August 4, 2026 at 9:00:00 AM UTC+9","레드삭스 대 다저스,스쿠발,트레이드,타릭 스쿠발,테오스카 에르난데스","https://trends.google.com/trends/explore?q=%EB%A0%88%EB%93%9C%EC%82%AD%EC%8A%A4%20%EB%8C%80%20%EB%8B%A4%EC%A0%80%EC%8A%A4&geo=KR&hl=en-US"
"이흥구","10K+","August 3, 2026 at 3:10:00 AM UTC+9","August 3, 2026 at 8:00:00 PM UTC+9","이흥구,조희대","https://trends.google.com/trends/explore?q=%EC%9D%B4%ED%9D%A5%EA%B5%AC&geo=KR&hl=en-US"
"남보라","1K+","August 4, 2026 at 5:00:00 AM UTC+9","August 4, 2026 at 9:20:00 AM UTC+9","남보라","https://trends.google.com/trends/explore?q=%EB%82%A8%EB%B3%B4%EB%9D%BC&geo=KR&hl=en-US"
"김병지","2K+","August 3, 2026 at 7:50:00 PM UTC+9","August 4, 2026 at 10:00:00 AM UTC+9","김병지","https://trends.google.com/trends/explore?q=%EA%B9%80%EB%B3%91%EC%A7%80&geo=KR&hl=en-US"
"범죄자 두목","5K+","August 3, 2026 at 1:20:00 PM UTC+9","August 4, 2026 at 7:40:00 AM UTC+9","범죄자 두목","https://trends.google.com/trends/explore?q=%EB%B2%94%EC%A3%84%EC%9E%90%20%EB%91%90%EB%AA%A9&geo=KR&hl=en-US"
"손예진","50K+","August 1, 2026 at 11:20:00 AM UTC+9","August 2, 2026 at 1:00:00 PM UTC+9","손예진,땅집고","https://trends.google.com/trends/explore?q=%EC%86%90%EC%98%88%EC%A7%84&geo=KR&hl=en-US"
"안타","20K+","August 3, 2026 at 7:50:00 AM UTC+9","August 4, 2026 at 9:50:00 AM UTC+9","안타,이정후","https://trends.google.com/trends/explore?q=%EC%95%88%ED%83%80&geo=KR&hl=en-US"
"전승 재","50K+","July 29, 2026 at 5:50:00 PM UTC+9","August 1, 2026 at 11:50:00 AM UTC+9","전승 재,전승재,전승재 배우","https://trends.google.com/trends/explore?q=%EC%A0%84%EC%8A%B9%20%EC%9E%AC&geo=KR&hl=en-US"
"이동건","100K+","July 31, 2026 at 4:00:00 PM UTC+9","August 1, 2026 at 1:50:00 PM UTC+9","이동건","https://trends.google.com/trends/explore?q=%EC%9D%B4%EB%8F%99%EA%B1%B4&geo=KR&hl=en-US"
"현대 쏘나타","20K+","July 30, 2026 at 7:40:00 AM UTC+9","August 4, 2026 at 9:00:00 AM UTC+9","현대 쏘나타","https://trends.google.com/trends/explore?q=%ED%98%84%EB%8C%80%20%EC%8F%98%EB%82%98%ED%83%80&geo=KR&hl=en-US"
"강서구","100K+","July 29, 2026 at 8:00:00 AM UTC+9","July 31, 2026 at 9:40:00 AM UTC+9","강서구","https://trends.google.com/trends/explore?q=%EA%B0%95%EC%84%9C%EA%B5%AC&geo=KR&hl=en-US"
"달 탐사","5K+","August 2, 2026 at 11:20:00 PM UTC+9","August 4, 2026 at 8:00:00 AM UTC+9","달 탐사","https://trends.google.com/trends/explore?q=%EB%8B%AC%20%ED%83%90%EC%82%AC&geo=KR&hl=en-US"
"공매도","1K+","August 4, 2026 at 5:20:00 AM UTC+9","August 4, 2026 at 9:40:00 AM UTC+9","공매도","https://trends.google.com/trends/explore?q=%EA%B3%B5%EB%A7%A4%EB%8F%84&geo=KR&hl=en-US"
"조카","20K+","August 2, 2026 at 10:00:00 AM UTC+9","August 3, 2026 at 11:30:00 AM UTC+9","조카","https://trends.google.com/trends/explore?q=%EC%A1%B0%EC%B9%B4&geo=KR&hl=en-US"
"정청래","20K+","August 4, 2026 at 6:00:00 AM UTC+9","August 4, 2026 at 8:30:00 AM UTC+9","정청래,당대표,김민석,민주당 전당 대회,민주당 전당대회,투표,민주당","https://trends.google.com/trends/explore?q=%EC%A0%95%EC%B2%AD%EB%9E%98&geo=KR&hl=en-US"
"샤인 머스 캣","5K+","August 3, 2026 at 6:40:00 AM UTC+9","August 4, 2026 at 7:30:00 AM UTC+9","샤인 머스 캣","https://trends.google.com/trends/explore?q=%EC%83%A4%EC%9D%B8%20%EB%A8%B8%EC%8A%A4%20%EC%BA%A3&geo=KR&hl=en-US"
"혼인","20K+","July 31, 2026 at 8:30:00 PM UTC+9","August 2, 2026 at 7:20:00 PM UTC+9","혼인,28기 영자","https://trends.google.com/trends/explore?q=%ED%98%BC%EC%9D%B8&geo=KR&hl=en-US"
"상주시","200+","August 4, 2026 at 8:00:00 AM UTC+9",,"상주시","https://trends.google.com/trends/explore?q=%EC%83%81%EC%A3%BC%EC%8B%9C&geo=KR&hl=en-US"
"구더기","10K+","August 2, 2026 at 4:20:00 PM UTC+9","August 3, 2026 at 12:50:00 PM UTC+9","구더기","https://trends.google.com/trends/explore?q=%EA%B5%AC%EB%8D%94%EA%B8%B0&geo=KR&hl=en-US"
"롯데 대 한화","50K+","July 28, 2026 at 5:30:00 PM UTC+9","August 1, 2026 at 6:00:00 AM UTC+9","롯데 대 한화","https://trends.google.com/trends/explore?q=%EB%A1%AF%EB%8D%B0%20%EB%8C%80%20%ED%95%9C%ED%99%94&geo=KR&hl=en-US"
"코오롱 티슈 진","20K+","August 2, 2026 at 1:30:00 PM UTC+9","August 3, 2026 at 11:30:00 AM UTC+9","코오롱 티슈 진,코오롱그룹","https://trends.google.com/trends/explore?q=%EC%BD%94%EC%98%A4%EB%A1%B1%20%ED%8B%B0%EC%8A%88%20%EC%A7%84&geo=KR&hl=en-US"
"에어컨","100K+","July 29, 2026 at 12:40:00 PM UTC+9","July 31, 2026 at 8:30:00 AM UTC+9","에어컨","https://trends.google.com/trends/explore?q=%EC%97%90%EC%96%B4%EC%BB%A8&geo=KR&hl=en-US"
"장동주","10K+","August 4, 2026 at 5:20:00 AM UTC+9","August 4, 2026 at 8:30:00 AM UTC+9","장동주,채무","https://trends.google.com/trends/explore?q=%EC%9E%A5%EB%8F%99%EC%A3%BC&geo=KR&hl=en-US"
"장기 기증","5K+","August 3, 2026 at 5:20:00 AM UTC+9","August 4, 2026 at 8:50:00 AM UTC+9","장기 기증","https://trends.google.com/trends/explore?q=%EC%9E%A5%EA%B8%B0%20%EA%B8%B0%EC%A6%9D&geo=KR&hl=en-US"
"소문난 칠공주","50K+","July 28, 2026 at 6:40:00 PM UTC+9","July 31, 2026 at 3:20:00 PM UTC+9","소문난 칠공주","https://trends.google.com/trends/explore?q=%EC%86%8C%EB%AC%B8%EB%82%9C%20%EC%B9%A0%EA%B3%B5%EC%A3%BC&geo=KR&hl=en-US"
"모하메드 살라","1K+","August 3, 2026 at 6:10:00 PM UTC+9","August 4, 2026 at 8:30:00 AM UTC+9","모하메드 살라","https://trends.google.com/trends/explore?q=%EB%AA%A8%ED%95%98%EB%A9%94%EB%93%9C%20%EC%82%B4%EB%9D%BC&geo=KR&hl=en-US"
"이민우","5K+","August 3, 2026 at 6:40:00 AM UTC+9","August 4, 2026 at 8:00:00 AM UTC+9","이민우","https://trends.google.com/trends/explore?q=%EC%9D%B4%EB%AF%BC%EC%9A%B0&geo=KR&hl=en-US"
"삼성 전자 주주 환원","20K+","July 30, 2026 at 12:40:00 PM UTC+9","August 2, 2026 at 12:00:00 PM UTC+9","삼성 전자 주주 환원,주주,삼성전자 배당,배당,주주환원","https://trends.google.com/trends/explore?q=%EC%82%BC%EC%84%B1%20%EC%A0%84%EC%9E%90%20%EC%A3%BC%EC%A3%BC%20%ED%99%98%EC%9B%90&geo=KR&hl=en-US"
"트레이드","1K+","August 4, 2026 at 6:40:00 AM UTC+9","August 4, 2026 at 8:50:00 AM UTC+9","트레이드,뉴욕 양키스","https://trends.google.com/trends/explore?q=%ED%8A%B8%EB%A0%88%EC%9D%B4%EB%93%9C&geo=KR&hl=en-US"
"김대호","1K+","August 4, 2026 at 6:10:00 AM UTC+9","August 4, 2026 at 9:20:00 AM UTC+9","김대호","https://trends.google.com/trends/explore?q=%EA%B9%80%EB%8C%80%ED%98%B8&geo=KR&hl=en-US"
"과일","50K+","August 1, 2026 at 7:00:00 AM UTC+9","August 2, 2026 at 7:30:00 AM UTC+9","과일","https://trends.google.com/trends/explore?q=%EA%B3%BC%EC%9D%BC&geo=KR&hl=en-US"
"하비에르 아기레","10K+","August 1, 2026 at 11:00:00 PM UTC+9","August 4, 2026 at 8:10:00 AM UTC+9","하비에르 아기레,하비에르 아기 레","https://trends.google.com/trends/explore?q=%ED%95%98%EB%B9%84%EC%97%90%EB%A5%B4%20%EC%95%84%EA%B8%B0%EB%A0%88&geo=KR&hl=en-US"
"박미선","10K+","August 1, 2026 at 8:00:00 AM UTC+9","August 3, 2026 at 9:10:00 AM UTC+9","박미선","https://trends.google.com/trends/explore?q=%EB%B0%95%EB%AF%B8%EC%84%A0&geo=KR&hl=en-US"
"김창옥","20K+","July 31, 2026 at 7:40:00 PM UTC+9","August 2, 2026 at 5:40:00 PM UTC+9","김창옥","https://trends.google.com/trends/explore?q=%EA%B9%80%EC%B0%BD%EC%98%A5&geo=KR&hl=en-US"
"국방부","5K+","August 3, 2026 at 4:20:00 PM UTC+9","August 4, 2026 at 6:40:00 AM UTC+9","국방부","https://trends.google.com/trends/explore?q=%EA%B5%AD%EB%B0%A9%EB%B6%80&geo=KR&hl=en-US"
"감자","20K+","July 30, 2026 at 6:00:00 PM UTC+9","August 1, 2026 at 8:20:00 PM UTC+9","감자","https://trends.google.com/trends/explore?q=%EA%B0%90%EC%9E%90&geo=KR&hl=en-US"
"포 헨즈","10K+","August 2, 2026 at 4:40:00 PM UTC+9","August 3, 2026 at 10:50:00 AM UTC+9","포 헨즈","https://trends.google.com/trends/explore?q=%ED%8F%AC%20%ED%97%A8%EC%A6%88&geo=KR&hl=en-US"
"야구 경기장","1K+","August 3, 2026 at 6:40:00 PM UTC+9","August 4, 2026 at 10:30:00 AM UTC+9","야구 경기장","https://trends.google.com/trends/explore?q=%EC%95%BC%EA%B5%AC%20%EA%B2%BD%EA%B8%B0%EC%9E%A5&geo=KR&hl=en-US"
"한화그룹","500+","August 4, 2026 at 6:30:00 AM UTC+9","August 4, 2026 at 10:00:00 AM UTC+9","한화그룹","https://trends.google.com/trends/explore?q=%ED%95%9C%ED%99%94%EA%B7%B8%EB%A3%B9&geo=KR&hl=en-US"
"이준수","10K+","August 2, 2026 at 12:50:00 PM UTC+9","August 3, 2026 at 11:10:00 AM UTC+9","이준수","https://trends.google.com/trends/explore?q=%EC%9D%B4%EC%A4%80%EC%88%98&geo=KR&hl=en-US"
"살림하는 남자들","10K+","August 2, 2026 at 7:30:00 AM UTC+9","August 4, 2026 at 7:00:00 AM UTC+9","살림하는 남자들,박서진","https://trends.google.com/trends/explore?q=%EC%82%B4%EB%A6%BC%ED%95%98%EB%8A%94%20%EB%82%A8%EC%9E%90%EB%93%A4&geo=KR&hl=en-US"
"대구광역시","5K+","August 2, 2026 at 9:30:00 PM UTC+9","August 3, 2026 at 7:50:00 PM UTC+9","대구광역시","https://trends.google.com/trends/explore?q=%EB%8C%80%EA%B5%AC%EA%B4%91%EC%97%AD%EC%8B%9C&geo=KR&hl=en-US"
"물고기","1K+","August 4, 2026 at 2:30:00 AM UTC+9","August 4, 2026 at 9:00:00 AM UTC+9","물고기,낚시","https://trends.google.com/trends/explore?q=%EB%AC%BC%EA%B3%A0%EA%B8%B0&geo=KR&hl=en-US"
"경제","20K+","August 2, 2026 at 6:20:00 PM UTC+9","August 3, 2026 at 8:00:00 AM UTC+9","경제,광주광역시","https://trends.google.com/trends/explore?q=%EA%B2%BD%EC%A0%9C&geo=KR&hl=en-US"
"허범욱","50K+","July 28, 2026 at 3:00:00 PM UTC+9","July 31, 2026 at 2:30:00 PM UTC+9","허범욱,허범욱 감독","https://trends.google.com/trends/explore?q=%ED%97%88%EB%B2%94%EC%9A%B1&geo=KR&hl=en-US"
"이민성","1K+","August 4, 2026 at 4:30:00 AM UTC+9","August 4, 2026 at 8:20:00 AM UTC+9","이민성","https://trends.google.com/trends/explore?q=%EC%9D%B4%EB%AF%BC%EC%84%B1&geo=KR&hl=en-US"
"골드만삭스","1K+","August 3, 2026 at 8:00:00 PM UTC+9","August 4, 2026 at 9:10:00 AM UTC+9","골드만삭스","https://trends.google.com/trends/explore?q=%EA%B3%A8%EB%93%9C%EB%A7%8C%EC%82%AD%EC%8A%A4&geo=KR&hl=en-US"
"임성근","10K+","August 2, 2026 at 5:30:00 PM UTC+9","August 3, 2026 at 12:20:00 PM UTC+9","임성근","https://trends.google.com/trends/explore?q=%EC%9E%84%EC%84%B1%EA%B7%BC&geo=KR&hl=en-US"
"지방 선거","10K+","August 2, 2026 at 9:30:00 AM UTC+9","August 3, 2026 at 11:20:00 AM UTC+9","지방 선거","https://trends.google.com/trends/explore?q=%EC%A7%80%EB%B0%A9%20%EC%84%A0%EA%B1%B0&geo=KR&hl=en-US"
"상급종합병원","5K+","August 3, 2026 at 2:30:00 PM UTC+9","August 3, 2026 at 8:00:00 PM UTC+9","상급종합병원,환자경험평가","https://trends.google.com/trends/explore?q=%EC%83%81%EA%B8%89%EC%A2%85%ED%95%A9%EB%B3%91%EC%9B%90&geo=KR&hl=en-US"
"토트넘 대 시드니 fc","50K+","July 29, 2026 at 5:50:00 PM UTC+9","July 31, 2026 at 8:50:00 AM UTC+9","토트넘 대 시드니 fc","https://trends.google.com/trends/explore?q=%ED%86%A0%ED%8A%B8%EB%84%98%20%EB%8C%80%20%EC%8B%9C%EB%93%9C%EB%8B%88%20fc&geo=KR&hl=en-US"
"수영복","1K+","August 3, 2026 at 8:50:00 PM UTC+9","August 4, 2026 at 9:10:00 AM UTC+9","수영복,전소미","https://trends.google.com/trends/explore?q=%EC%88%98%EC%98%81%EB%B3%B5&geo=KR&hl=en-US"
"멧돼지","20K+","July 31, 2026 at 2:50:00 PM UTC+9","August 2, 2026 at 2:20:00 PM UTC+9","멧돼지","https://trends.google.com/trends/explore?q=%EB%A9%A7%EB%8F%BC%EC%A7%80&geo=KR&hl=en-US"
"박성웅","500+","August 4, 2026 at 8:40:00 AM UTC+9","August 4, 2026 at 10:20:00 AM UTC+9","박성웅","https://trends.google.com/trends/explore?q=%EB%B0%95%EC%84%B1%EC%9B%85&geo=KR&hl=en-US"
"k2 흑표","20K+","July 30, 2026 at 5:10:00 AM UTC+9","August 1, 2026 at 8:30:00 AM UTC+9","k2 흑표","https://trends.google.com/trends/explore?q=k2%20%ED%9D%91%ED%91%9C&geo=KR&hl=en-US"
"빨래","10K+","August 2, 2026 at 12:00:00 PM UTC+9","August 3, 2026 at 9:00:00 AM UTC+9","빨래","https://trends.google.com/trends/explore?q=%EB%B9%A8%EB%9E%98&geo=KR&hl=en-US"
"고기","2K+","August 3, 2026 at 5:20:00 PM UTC+9","August 4, 2026 at 9:30:00 AM UTC+9","고기","https://trends.google.com/trends/explore?q=%EA%B3%A0%EA%B8%B0&geo=KR&hl=en-US"
"종합병원","5K+","August 3, 2026 at 4:40:00 PM UTC+9","August 3, 2026 at 9:50:00 PM UTC+9","종합병원","https://trends.google.com/trends/explore?q=%EC%A2%85%ED%95%A9%EB%B3%91%EC%9B%90&geo=KR&hl=en-US"
"차은우","20K+","August 2, 2026 at 1:00:00 PM UTC+9","August 3, 2026 at 5:00:00 AM UTC+9","차은우","https://trends.google.com/trends/explore?q=%EC%B0%A8%EC%9D%80%EC%9A%B0&geo=KR&hl=en-US"
"최명길","5K+","August 2, 2026 at 6:50:00 AM UTC+9","August 3, 2026 at 11:00:00 AM UTC+9","최명길","https://trends.google.com/trends/explore?q=%EC%B5%9C%EB%AA%85%EA%B8%B8&geo=KR&hl=en-US"
"중앙일보","50K+","July 30, 2026 at 7:20:00 PM UTC+9","August 1, 2026 at 5:50:00 PM UTC+9","중앙일보,레오폴드,시타델,레오폴드 아셴브레너,헤지펀드,월가,마진콜,시타델 헤지펀드","https://trends.google.com/trends/explore?q=%EC%A4%91%EC%95%99%EC%9D%BC%EB%B3%B4&geo=KR&hl=en-US"
"이천수","10K+","August 2, 2026 at 5:30:00 AM UTC+9","August 3, 2026 at 7:00:00 AM UTC+9","이천수","https://trends.google.com/trends/explore?q=%EC%9D%B4%EC%B2%9C%EC%88%98&geo=KR&hl=en-US"
"오세훈","20K+","August 2, 2026 at 12:20:00 PM UTC+9","August 2, 2026 at 6:50:00 PM UTC+9","오세훈","https://trends.google.com/trends/explore?q=%EC%98%A4%EC%84%B8%ED%9B%88&geo=KR&hl=en-US"
"코트디부아르 축구 국가대표팀","10K+","August 2, 2026 at 8:40:00 AM UTC+9","August 3, 2026 at 1:20:00 PM UTC+9","코트디부아르 축구 국가대표팀","https://trends.google.com/trends/explore?q=%EC%BD%94%ED%8A%B8%EB%94%94%EB%B6%80%EC%95%84%EB%A5%B4%20%EC%B6%95%EA%B5%AC%20%EA%B5%AD%EA%B0%80%EB%8C%80%ED%91%9C%ED%8C%80&geo=KR&hl=en-US"
"키움 대 lg","50K+","July 28, 2026 at 5:30:00 PM UTC+9","July 31, 2026 at 9:20:00 PM UTC+9","키움 대 lg,문보경","https://trends.google.com/trends/explore?q=%ED%82%A4%EC%9B%80%20%EB%8C%80%20lg&geo=KR&hl=en-US"
"아리아나 그란데","2K+","August 3, 2026 at 4:20:00 PM UTC+9","August 4, 2026 at 9:10:00 AM UTC+9","아리아나 그란데","https://trends.google.com/trends/explore?q=%EC%95%84%EB%A6%AC%EC%95%84%EB%82%98%20%EA%B7%B8%EB%9E%80%EB%8D%B0&geo=KR&hl=en-US"
"대형 세단","50K+","July 28, 2026 at 9:30:00 PM UTC+9","July 31, 2026 at 7:40:00 AM UTC+9","대형 세단","https://trends.google.com/trends/explore?q=%EB%8C%80%ED%98%95%20%EC%84%B8%EB%8B%A8&geo=KR&hl=en-US"
"대구 도시철도 1호선","10K+","August 1, 2026 at 7:20:00 AM UTC+9","August 2, 2026 at 9:50:00 PM UTC+9","대구 도시철도 1호선","https://trends.google.com/trends/explore?q=%EB%8C%80%EA%B5%AC%20%EB%8F%84%EC%8B%9C%EC%B2%A0%EB%8F%84%201%ED%98%B8%EC%84%A0&geo=KR&hl=en-US"
"원숭이","20K+","July 30, 2026 at 3:50:00 PM UTC+9","August 1, 2026 at 10:10:00 PM UTC+9","원숭이,인도","https://trends.google.com/trends/explore?q=%EC%9B%90%EC%88%AD%EC%9D%B4&geo=KR&hl=en-US"
"기아","500+","August 4, 2026 at 6:10:00 AM UTC+9","August 4, 2026 at 9:00:00 AM UTC+9","기아","https://trends.google.com/trends/explore?q=%EA%B8%B0%EC%95%84&geo=KR&hl=en-US"
"풍산","10K+","July 31, 2026 at 9:10:00 AM UTC+9","August 3, 2026 at 8:00:00 AM UTC+9","풍산","https://trends.google.com/trends/explore?q=%ED%92%8D%EC%82%B0&geo=KR&hl=en-US"
"제임스 네일","10K+","August 2, 2026 at 10:00:00 PM UTC+9","August 3, 2026 at 7:50:00 PM UTC+9","제임스 네일,폭염,야구,김채현,프로 야구,롯데","https://trends.google.com/trends/explore?q=%EC%A0%9C%EC%9E%84%EC%8A%A4%20%EB%84%A4%EC%9D%BC&geo=KR&hl=en-US"
"태국","20K+","July 29, 2026 at 1:40:00 PM UTC+9","August 1, 2026 at 7:20:00 AM UTC+9","태국","https://trends.google.com/trends/explore?q=%ED%83%9C%EA%B5%AD&geo=KR&hl=en-US"
"나스닥 지수","2K+","August 4, 2026 at 6:00:00 AM UTC+9","August 4, 2026 at 8:40:00 AM UTC+9","나스닥 지수,코스피 야간선물,야간선물,코스피 야간 선물","https://trends.google.com/trends/explore?q=%EB%82%98%EC%8A%A4%EB%8B%A5%20%EC%A7%80%EC%88%98&geo=KR&hl=en-US"
"손주","20K+","July 31, 2026 at 3:10:00 PM UTC+9","August 1, 2026 at 3:00:00 PM UTC+9","손주","https://trends.google.com/trends/explore?q=%EC%86%90%EC%A3%BC&geo=KR&hl=en-US"
"고지용","20K+","July 29, 2026 at 9:20:00 AM UTC+9","July 31, 2026 at 12:30:00 PM UTC+9","고지용,허양임","https://trends.google.com/trends/explore?q=%EA%B3%A0%EC%A7%80%EC%9A%A9&geo=KR&hl=en-US"
"미세 플라스틱","20K+","July 30, 2026 at 2:40:00 PM UTC+9","August 1, 2026 at 8:40:00 AM UTC+9","미세 플라스틱","https://trends.google.com/trends/explore?q=%EB%AF%B8%EC%84%B8%20%ED%94%8C%EB%9D%BC%EC%8A%A4%ED%8B%B1&geo=KR&hl=en-US"
"기아 pv5","20K+","August 2, 2026 at 5:20:00 PM UTC+9","August 3, 2026 at 9:20:00 AM UTC+9","기아 pv5","https://trends.google.com/trends/explore?q=%EA%B8%B0%EC%95%84%20pv5&geo=KR&hl=en-US"
"일산","2K+","August 3, 2026 at 11:20:00 AM UTC+9","August 4, 2026 at 8:20:00 AM UTC+9","일산","https://trends.google.com/trends/explore?q=%EC%9D%BC%EC%82%B0&geo=KR&hl=en-US"
"아옳이","5K+","August 1, 2026 at 11:20:00 PM UTC+9","August 4, 2026 at 1:50:00 AM UTC+9","아옳이,서주원,김형배","https://trends.google.com/trends/explore?q=%EC%95%84%EC%98%B3%EC%9D%B4&geo=KR&hl=en-US"
"코스피 하락 이유","100K+","July 29, 2026 at 3:40:00 PM UTC+9","July 31, 2026 at 2:10:00 PM UTC+9","코스피 하락 이유,노무라 증권,주가 대폭락,삼전 닉스,삼성전자,sk하이닉스 주가,코스피지수,뉴데일리,코스피 지수,코스닥 지수,서킷브레이커 시간,코스피 주가,사이드카,서킷 브레이커,서킷브레이커 뜻,삼성전자 주식,서킷브레이커 2단계,서킷브레이크,sk하이닉스 ir,하이닉스 실적발표 시간,사이드카 서킷브레이커,매일경제,코스피 5000,증권","https://trends.google.com/trends/explore?q=%EC%BD%94%EC%8A%A4%ED%94%BC%20%ED%95%98%EB%9D%BD%20%EC%9D%B4%EC%9C%A0&geo=KR&hl=en-US"
"보험","1K+","August 4, 2026 at 6:20:00 AM UTC+9","August 4, 2026 at 8:40:00 AM UTC+9","보험","https://trends.google.com/trends/explore?q=%EB%B3%B4%ED%97%98&geo=KR&hl=en-US"
"별자리","5K+","August 4, 2026 at 6:00:00 AM UTC+9","August 4, 2026 at 9:10:00 AM UTC+9","별자리,띠별 운세,운세","https://trends.google.com/trends/explore?q=%EB%B3%84%EC%9E%90%EB%A6%AC&geo=KR&hl=en-US"
"삼성전자","50K+","August 2, 2026 at 7:20:00 AM UTC+9","August 2, 2026 at 12:50:00 PM UTC+9","삼성전자","https://trends.google.com/trends/explore?q=%EC%82%BC%EC%84%B1%EC%A0%84%EC%9E%90&geo=KR&hl=en-US"
"음식물 쓰레기","20K+","July 28, 2026 at 1:20:00 PM UTC+9","July 31, 2026 at 1:30:00 PM UTC+9","음식물 쓰레기","https://trends.google.com/trends/explore?q=%EC%9D%8C%EC%8B%9D%EB%AC%BC%20%EC%93%B0%EB%A0%88%EA%B8%B0&geo=KR&hl=en-US"
"양재웅","2K+","August 3, 2026 at 2:20:00 PM UTC+9","August 4, 2026 at 9:40:00 AM UTC+9","양재웅","https://trends.google.com/trends/explore?q=%EC%96%91%EC%9E%AC%EC%9B%85&geo=KR&hl=en-US"
"pltr","500+","August 4, 2026 at 7:00:00 AM UTC+9","August 4, 2026 at 10:00:00 AM UTC+9","pltr","https://trends.google.com/trends/explore?q=pltr&geo=KR&hl=en-US"
"투표","10K+","August 2, 2026 at 5:00:00 AM UTC+9","August 3, 2026 at 1:00:00 PM UTC+9","투표","https://trends.google.com/trends/explore?q=%ED%88%AC%ED%91%9C&geo=KR&hl=en-US"
"에이밍","10K+","July 29, 2026 at 5:30:00 PM UTC+9","August 1, 2026 at 11:20:00 PM UTC+9","에이밍,유칼","https://trends.google.com/trends/explore?q=%EC%97%90%EC%9D%B4%EB%B0%8D&geo=KR&hl=en-US"
"포도주","10K+","August 2, 2026 at 12:30:00 PM UTC+9","August 3, 2026 at 9:50:00 AM UTC+9","포도주","https://trends.google.com/trends/explore?q=%ED%8F%AC%EB%8F%84%EC%A3%BC&geo=KR&hl=en-US"
"버밍엄 대 바르셀로나","20K+","August 1, 2026 at 2:50:00 AM UTC+9","August 1, 2026 at 11:40:00 PM UTC+9","버밍엄 대 바르셀로나,백승호,바르셀로나","https://trends.google.com/trends/explore?q=%EB%B2%84%EB%B0%8D%EC%97%84%20%EB%8C%80%20%EB%B0%94%EB%A5%B4%EC%85%80%EB%A1%9C%EB%82%98&geo=KR&hl=en-US"
"한국형 차기 구축함","5K+","July 31, 2026 at 4:40:00 PM UTC+9","August 3, 2026 at 11:30:00 AM UTC+9","한국형 차기 구축함","https://trends.google.com/trends/explore?q=%ED%95%9C%EA%B5%AD%ED%98%95%20%EC%B0%A8%EA%B8%B0%20%EA%B5%AC%EC%B6%95%ED%95%A8&geo=KR&hl=en-US"
"박보경","2K+","August 4, 2026 at 8:50:00 AM UTC+9","August 4, 2026 at 10:10:00 AM UTC+9","박보경","https://trends.google.com/trends/explore?q=%EB%B0%95%EB%B3%B4%EA%B2%BD&geo=KR&hl=en-US"
"김호중","50K+","July 28, 2026 at 5:10:00 PM UTC+9","July 30, 2026 at 8:00:00 PM UTC+9","김호중","https://trends.google.com/trends/explore?q=%EA%B9%80%ED%98%B8%EC%A4%91&geo=KR&hl=en-US"
"남편","100K+","July 30, 2026 at 4:10:00 PM UTC+9","July 31, 2026 at 9:00:00 AM UTC+9","남편,팔공산,문화일보","https://trends.google.com/trends/explore?q=%EB%82%A8%ED%8E%B8&geo=KR&hl=en-US"
"여행","20K+","July 29, 2026 at 5:10:00 PM UTC+9","July 31, 2026 at 9:00:00 AM UTC+9","여행","https://trends.google.com/trends/explore?q=%EC%97%AC%ED%96%89&geo=KR&hl=en-US"
"두산 대 ssg","20K+","July 28, 2026 at 5:30:00 PM UTC+9","July 31, 2026 at 11:10:00 AM UTC+9","두산 대 ssg","https://trends.google.com/trends/explore?q=%EB%91%90%EC%82%B0%20%EB%8C%80%20ssg&geo=KR&hl=en-US"
"방시혁","2K+","August 3, 2026 at 9:20:00 PM UTC+9","August 4, 2026 at 9:50:00 AM UTC+9","방시혁,하이브","https://trends.google.com/trends/explore?q=%EB%B0%A9%EC%8B%9C%ED%98%81&geo=KR&hl=en-US"
"한서희","2K+","August 2, 2026 at 1:30:00 AM UTC+9","August 4, 2026 at 8:30:00 AM UTC+9","한서희,마약","https://trends.google.com/trends/explore?q=%ED%95%9C%EC%84%9C%ED%9D%AC&geo=KR&hl=en-US"
"탁구","10K+","July 30, 2026 at 5:20:00 PM UTC+9","August 2, 2026 at 9:50:00 AM UTC+9","탁구","https://trends.google.com/trends/explore?q=%ED%83%81%EA%B5%AC&geo=KR&hl=en-US"
"김의겸","10K+","August 2, 2026 at 3:00:00 PM UTC+9","August 3, 2026 at 9:00:00 AM UTC+9","김의겸","https://trends.google.com/trends/explore?q=%EA%B9%80%EC%9D%98%EA%B2%B8&geo=KR&hl=en-US"
"알 테오 젠","20K+","July 29, 2026 at 12:00:00 PM UTC+9","July 31, 2026 at 8:20:00 AM UTC+9","알 테오 젠","https://trends.google.com/trends/explore?q=%EC%95%8C%20%ED%85%8C%EC%98%A4%20%EC%A0%A0&geo=KR&hl=en-US"
"서동주","20K+","July 29, 2026 at 5:30:00 PM UTC+9","August 1, 2026 at 6:30:00 AM UTC+9","서동주","https://trends.google.com/trends/explore?q=%EC%84%9C%EB%8F%99%EC%A3%BC&geo=KR&hl=en-US"
"윤용근","50K+","July 30, 2026 at 5:30:00 PM UTC+9","August 1, 2026 at 12:40:00 PM UTC+9","윤용근,홍명보,문진희,이재정,정진석,홍명보 청문회,이임생,박문성,배현진,김진규,김병지,대한축구협회,정몽규 문자,임오경,윤용근 의원,청문회,문진희 심판위원장,박동희 기자,정해성,박항서,축협 청문회","https://trends.google.com/trends/explore?q=%EC%9C%A4%EC%9A%A9%EA%B7%BC&geo=KR&hl=en-US"
"서현숙","200+","August 4, 2026 at 6:30:00 AM UTC+9","August 4, 2026 at 9:20:00 AM UTC+9","서현숙","https://trends.google.com/trends/explore?q=%EC%84%9C%ED%98%84%EC%88%99&geo=KR&hl=en-US"
"반찬","10K+","July 31, 2026 at 6:10:00 AM UTC+9","August 2, 2026 at 7:20:00 AM UTC+9","반찬","https://trends.google.com/trends/explore?q=%EB%B0%98%EC%B0%AC&geo=KR&hl=en-US"
"화재","20K+","August 1, 2026 at 7:20:00 AM UTC+9","August 2, 2026 at 11:10:00 AM UTC+9","화재","https://trends.google.com/trends/explore?q=%ED%99%94%EC%9E%AC&geo=KR&hl=en-US"
"원익홀딩스","10K+","August 3, 2026 at 7:00:00 PM UTC+9","August 4, 2026 at 9:10:00 AM UTC+9","원익홀딩스,lg이노텍,중국,로봇","https://trends.google.com/trends/explore?q=%EC%9B%90%EC%9D%B5%ED%99%80%EB%94%A9%EC%8A%A4&geo=KR&hl=en-US"
"대한민국 법무부","10K+","July 30, 2026 at 10:50:00 PM UTC+9","August 2, 2026 at 9:00:00 AM UTC+9","대한민국 법무부","https://trends.google.com/trends/explore?q=%EB%8C%80%ED%95%9C%EB%AF%BC%EA%B5%AD%20%EB%B2%95%EB%AC%B4%EB%B6%80&geo=KR&hl=en-US"
"청룡시리즈어워즈","5K+","July 31, 2026 at 8:30:00 PM UTC+9","August 3, 2026 at 1:30:00 PM UTC+9","청룡시리즈어워즈","https://trends.google.com/trends/explore?q=%EC%B2%AD%EB%A3%A1%EC%8B%9C%EB%A6%AC%EC%A6%88%EC%96%B4%EC%9B%8C%EC%A6%88&geo=KR&hl=en-US"
"픽업 트럭","10K+","August 1, 2026 at 7:20:00 PM UTC+9","August 4, 2026 at 9:00:00 AM UTC+9","픽업 트럭,기아 ev3","https://trends.google.com/trends/explore?q=%ED%94%BD%EC%97%85%20%ED%8A%B8%EB%9F%AD&geo=KR&hl=en-US"
"강미나","20K+","July 29, 2026 at 5:20:00 PM UTC+9","August 1, 2026 at 8:40:00 AM UTC+9","강미나","https://trends.google.com/trends/explore?q=%EA%B0%95%EB%AF%B8%EB%82%98&geo=KR&hl=en-US"
"티파니","10K+","July 31, 2026 at 2:10:00 PM UTC+9","August 2, 2026 at 1:10:00 PM UTC+9","티파니","https://trends.google.com/trends/explore?q=%ED%8B%B0%ED%8C%8C%EB%8B%88&geo=KR&hl=en-US"
"복권","20K+","August 1, 2026 at 7:30:00 AM UTC+9","August 2, 2026 at 9:40:00 AM UTC+9","복권,로또1235,1235 회 로또 당첨 번호,서울경제,1235회 로또","https://trends.google.com/trends/explore?q=%EB%B3%B5%EA%B6%8C&geo=KR&hl=en-US"
"진 양곤","500+","August 3, 2026 at 9:00:00 PM UTC+9","August 4, 2026 at 8:40:00 AM UTC+9","진 양곤","https://trends.google.com/trends/explore?q=%EC%A7%84%20%EC%96%91%EA%B3%A4&geo=KR&hl=en-US"
"헬리콥터 부모","1K+","August 3, 2026 at 2:30:00 PM UTC+9","August 4, 2026 at 9:20:00 AM UTC+9","헬리콥터 부모","https://trends.google.com/trends/explore?q=%ED%97%AC%EB%A6%AC%EC%BD%A5%ED%84%B0%20%EB%B6%80%EB%AA%A8&geo=KR&hl=en-US"
"windy","200+","August 4, 2026 at 6:40:00 AM UTC+9","August 4, 2026 at 10:30:00 AM UTC+9","windy","https://trends.google.com/trends/explore?q=windy&geo=KR&hl=en-US"
"김중남","2K+","August 3, 2026 at 4:50:00 AM UTC+9","August 4, 2026 at 7:20:00 AM UTC+9","김중남","https://trends.google.com/trends/explore?q=%EA%B9%80%EC%A4%91%EB%82%A8&geo=KR&hl=en-US"
"선박","5K+","August 3, 2026 at 3:00:00 AM UTC+9","August 3, 2026 at 9:30:00 AM UTC+9","선박","https://trends.google.com/trends/explore?q=%EC%84%A0%EB%B0%95&geo=KR&hl=en-US"
"연방수사국","2K+","August 2, 2026 at 9:10:00 PM UTC+9","August 3, 2026 at 4:30:00 PM UTC+9","연방수사국","https://trends.google.com/trends/explore?q=%EC%97%B0%EB%B0%A9%EC%88%98%EC%82%AC%EA%B5%AD&geo=KR&hl=en-US"
"필라델피아 필리스","200+","August 4, 2026 at 8:50:00 AM UTC+9","August 4, 2026 at 10:20:00 AM UTC+9","필라델피아 필리스","https://trends.google.com/trends/explore?q=%ED%95%84%EB%9D%BC%EB%8D%B8%ED%94%BC%EC%95%84%20%ED%95%84%EB%A6%AC%EC%8A%A4&geo=KR&hl=en-US"
"은가은","50K+","August 1, 2026 at 5:30:00 PM UTC+9","August 2, 2026 at 8:40:00 AM UTC+9","은가은,박현호,박서진","https://trends.google.com/trends/explore?q=%EC%9D%80%EA%B0%80%EC%9D%80&geo=KR&hl=en-US"
"s&p 500","2K+","August 4, 2026 at 6:30:00 AM UTC+9","August 4, 2026 at 8:00:00 AM UTC+9","s&p 500","https://trends.google.com/trends/explore?q=s%26p%20500&geo=KR&hl=en-US"
"영탁","2K+","August 2, 2026 at 9:30:00 PM UTC+9","August 3, 2026 at 12:20:00 PM UTC+9","영탁","https://trends.google.com/trends/explore?q=%EC%98%81%ED%83%81&geo=KR&hl=en-US"
"레버리지","50K+","July 30, 2026 at 6:00:00 PM UTC+9","July 31, 2026 at 9:40:00 AM UTC+9","레버리지,레버리지 규제,토스증권,삼전주가,구윤철","https://trends.google.com/trends/explore?q=%EB%A0%88%EB%B2%84%EB%A6%AC%EC%A7%80&geo=KR&hl=en-US"
"유재석","5K+","August 2, 2026 at 9:50:00 PM UTC+9","August 3, 2026 at 6:10:00 PM UTC+9","유재석,공효진","https://trends.google.com/trends/explore?q=%EC%9C%A0%EC%9E%AC%EC%84%9D&geo=KR&hl=en-US"
"까마귀","10K+","August 1, 2026 at 2:30:00 PM UTC+9","August 2, 2026 at 4:30:00 PM UTC+9","까마귀","https://trends.google.com/trends/explore?q=%EA%B9%8C%EB%A7%88%EA%B7%80&geo=KR&hl=en-US"
"그래 이혼 하자","20K+","July 28, 2026 at 1:40:00 PM UTC+9","July 30, 2026 at 8:20:00 AM UTC+9","그래 이혼 하자,그래, 이혼하자","https://trends.google.com/trends/explore?q=%EA%B7%B8%EB%9E%98%20%EC%9D%B4%ED%98%BC%20%ED%95%98%EC%9E%90&geo=KR&hl=en-US"
"잠실대교","2K+","August 2, 2026 at 11:40:00 PM UTC+9","August 3, 2026 at 4:20:00 PM UTC+9","잠실대교,잠실대교남단","https://trends.google.com/trends/explore?q=%EC%9E%A0%EC%8B%A4%EB%8C%80%EA%B5%90&geo=KR&hl=en-US"
"증권 회사","10K+","August 2, 2026 at 6:30:00 AM UTC+9","August 2, 2026 at 10:00:00 PM UTC+9","증권 회사,키움증권","https://trends.google.com/trends/explore?q=%EC%A6%9D%EA%B6%8C%20%ED%9A%8C%EC%82%AC&geo=KR&hl=en-US"
"브렌트 퍼드 fc","10K+","August 1, 2026 at 7:00:00 AM UTC+9","August 2, 2026 at 11:40:00 AM UTC+9","브렌트 퍼드 fc,브렌트퍼드 fc","https://trends.google.com/trends/explore?q=%EB%B8%8C%EB%A0%8C%ED%8A%B8%20%ED%8D%BC%EB%93%9C%20fc&geo=KR&hl=en-US"
"근육","5K+","August 2, 2026 at 11:50:00 AM UTC+9","August 3, 2026 at 8:50:00 AM UTC+9","근육","https://trends.google.com/trends/explore?q=%EA%B7%BC%EC%9C%A1&geo=KR&hl=en-US"
"이진숙","10K+","July 29, 2026 at 3:50:00 PM UTC+9","August 1, 2026 at 8:10:00 AM UTC+9","이진숙,최형두","https://trends.google.com/trends/explore?q=%EC%9D%B4%EC%A7%84%EC%88%99&geo=KR&hl=en-US"
"나스닥 100","1K+","August 4, 2026 at 6:20:00 AM UTC+9","August 4, 2026 at 8:20:00 AM UTC+9","나스닥 100,커버드 콜","https://trends.google.com/trends/explore?q=%EB%82%98%EC%8A%A4%EB%8B%A5%20100&geo=KR&hl=en-US"
"순천향대 학교 의과 대학","2K+","August 4, 2026 at 6:50:00 AM UTC+9","August 4, 2026 at 9:10:00 AM UTC+9","순천향대 학교 의과 대학,순천향대 학교,순천향대학교 의과대학","https://trends.google.com/trends/explore?q=%EC%88%9C%EC%B2%9C%ED%96%A5%EB%8C%80%20%ED%95%99%EA%B5%90%20%EC%9D%98%EA%B3%BC%20%EB%8C%80%ED%95%99&geo=KR&hl=en-US"
"김신영","10K+","August 1, 2026 at 9:10:00 AM UTC+9","August 2, 2026 at 1:10:00 PM UTC+9","김신영,구성환,이선민","https://trends.google.com/trends/explore?q=%EA%B9%80%EC%8B%A0%EC%98%81&geo=KR&hl=en-US"
"레알 마드리드 cf","2K+","August 2, 2026 at 4:30:00 PM UTC+9","August 3, 2026 at 1:30:00 PM UTC+9","레알 마드리드 cf","https://trends.google.com/trends/explore?q=%EB%A0%88%EC%95%8C%20%EB%A7%88%EB%93%9C%EB%A6%AC%EB%93%9C%20cf&geo=KR&hl=en-US"
"장기 요양","20K+","July 29, 2026 at 7:00:00 PM UTC+9","July 31, 2026 at 11:20:00 AM UTC+9","장기 요양","https://trends.google.com/trends/explore?q=%EC%9E%A5%EA%B8%B0%20%EC%9A%94%EC%96%91&geo=KR&hl=en-US"
"치매","50K+","July 30, 2026 at 9:50:00 PM UTC+9","July 31, 2026 at 12:00:00 PM UTC+9","치매","https://trends.google.com/trends/explore?q=%EC%B9%98%EB%A7%A4&geo=KR&hl=en-US"
"gpt-5.6","10K+","July 31, 2026 at 6:00:00 AM UTC+9","August 2, 2026 at 2:30:00 PM UTC+9","gpt-5.6,gpt 5.6","https://trends.google.com/trends/explore?q=gpt-5.6&geo=KR&hl=en-US"
"소녀시대","10K+","July 31, 2026 at 3:00:00 PM UTC+9","August 1, 2026 at 7:00:00 PM UTC+9","소녀시대,유리","https://trends.google.com/trends/explore?q=%EC%86%8C%EB%85%80%EC%8B%9C%EB%8C%80&geo=KR&hl=en-US"
"이재명 지지율","20K+","July 29, 2026 at 11:30:00 AM UTC+9","August 1, 2026 at 12:50:00 PM UTC+9","이재명 지지율,뉴데일리","https://trends.google.com/trends/explore?q=%EC%9D%B4%EC%9E%AC%EB%AA%85%20%EC%A7%80%EC%A7%80%EC%9C%A8&geo=KR&hl=en-US"
"개인정보","10K+","July 31, 2026 at 2:50:00 PM UTC+9","August 2, 2026 at 10:20:00 AM UTC+9","개인정보","https://trends.google.com/trends/explore?q=%EA%B0%9C%EC%9D%B8%EC%A0%95%EB%B3%B4&geo=KR&hl=en-US"
"sh공사","10K+","July 30, 2026 at 8:50:00 PM UTC+9","August 2, 2026 at 7:40:00 AM UTC+9","sh공사","https://trends.google.com/trends/explore?q=sh%EA%B3%B5%EC%82%AC&geo=KR&hl=en-US"
"안전벨트","20K+","July 29, 2026 at 3:20:00 PM UTC+9","July 31, 2026 at 9:30:00 AM UTC+9","안전벨트","https://trends.google.com/trends/explore?q=%EC%95%88%EC%A0%84%EB%B2%A8%ED%8A%B8&geo=KR&hl=en-US"
"귀신","20K+","July 31, 2026 at 3:30:00 PM UTC+9","August 1, 2026 at 4:10:00 PM UTC+9","귀신","https://trends.google.com/trends/explore?q=%EA%B7%80%EC%8B%A0&geo=KR&hl=en-US"
"유태빈","5K+","August 2, 2026 at 6:00:00 PM UTC+9","August 3, 2026 at 9:10:00 AM UTC+9","유태빈","https://trends.google.com/trends/explore?q=%EC%9C%A0%ED%83%9C%EB%B9%88&geo=KR&hl=en-US"
"모듈러 주택","2K+","August 3, 2026 at 6:20:00 AM UTC+9","August 4, 2026 at 9:40:00 AM UTC+9","모듈러 주택","https://trends.google.com/trends/explore?q=%EB%AA%A8%EB%93%88%EB%9F%AC%20%EC%A3%BC%ED%83%9D&geo=KR&hl=en-US"
"티엔엔터테인먼트","20K+","July 29, 2026 at 6:10:00 AM UTC+9","July 30, 2026 at 8:50:00 PM UTC+9","티엔엔터테인먼트","https://trends.google.com/trends/explore?q=%ED%8B%B0%EC%97%94%EC%97%94%ED%84%B0%ED%85%8C%EC%9D%B8%EB%A8%BC%ED%8A%B8&geo=KR&hl=en-US"
"선거법","20K+","July 29, 2026 at 9:50:00 PM UTC+9","July 31, 2026 at 12:00:00 PM UTC+9","선거법,전성배","https://trends.google.com/trends/explore?q=%EC%84%A0%EA%B1%B0%EB%B2%95&geo=KR&hl=en-US"
"모스 탄","10K+","July 31, 2026 at 3:50:00 PM UTC+9","August 1, 2026 at 12:30:00 PM UTC+9","모스 탄","https://trends.google.com/trends/explore?q=%EB%AA%A8%EC%8A%A4%20%ED%83%84&geo=KR&hl=en-US"
"klasemen timnas indonesia vs tim nasional sepak bola vietnam","500+","August 4, 2026 at 1:30:00 AM UTC+9","August 4, 2026 at 8:50:00 AM UTC+9","klasemen timnas indonesia vs tim nasional sepak bola vietnam","https://trends.google.com/trends/explore?q=klasemen%20timnas%20indonesia%20vs%20tim%20nasional%20sepak%20bola%20vietnam&geo=KR&hl=en-US"
"kt 대 nc","20K+","July 28, 2026 at 5:40:00 PM UTC+9","July 31, 2026 at 10:40:00 AM UTC+9","kt 대 nc","https://trends.google.com/trends/explore?q=kt%20%EB%8C%80%20nc&geo=KR&hl=en-US"
"류현진","500+","August 4, 2026 at 7:30:00 AM UTC+9","August 4, 2026 at 8:40:00 AM UTC+9","류현진","https://trends.google.com/trends/explore?q=%EB%A5%98%ED%98%84%EC%A7%84&geo=KR&hl=en-US"
"최준희","50K+","July 31, 2026 at 4:40:00 AM UTC+9","July 31, 2026 at 1:20:00 PM UTC+9","최준희","https://trends.google.com/trends/explore?q=%EC%B5%9C%EC%A4%80%ED%9D%AC&geo=KR&hl=en-US"
"에릭 라우 어","10K+","July 31, 2026 at 12:00:00 PM UTC+9","August 2, 2026 at 8:40:00 AM UTC+9","에릭 라우 어,에릭 라우어,로스앤젤레스 다저스","https://trends.google.com/trends/explore?q=%EC%97%90%EB%A6%AD%20%EB%9D%BC%EC%9A%B0%20%EC%96%B4&geo=KR&hl=en-US"
"테슬라 모델 y","10K+","July 29, 2026 at 7:40:00 AM UTC+9","July 31, 2026 at 6:00:00 PM UTC+9","테슬라 모델 y","https://trends.google.com/trends/explore?q=%ED%85%8C%EC%8A%AC%EB%9D%BC%20%EB%AA%A8%EB%8D%B8%20y&geo=KR&hl=en-US"
"what is a heat dome","1K+","August 1, 2026 at 1:40:00 PM UTC+9","August 4, 2026 at 5:50:00 AM UTC+9","what is a heat dome","https://trends.google.com/trends/explore?q=what%20is%20a%20heat%20dome&geo=KR&hl=en-US"
"건강보험","20K+","July 28, 2026 at 4:00:00 PM UTC+9","July 29, 2026 at 7:50:00 PM UTC+9","건강보험","https://trends.google.com/trends/explore?q=%EA%B1%B4%EA%B0%95%EB%B3%B4%ED%97%98&geo=KR&hl=en-US"
"여자 야구","2K+","August 3, 2026 at 8:00:00 AM UTC+9","August 4, 2026 at 9:30:00 AM UTC+9","여자 야구,김 라경,김라경","https://trends.google.com/trends/explore?q=%EC%97%AC%EC%9E%90%20%EC%95%BC%EA%B5%AC&geo=KR&hl=en-US"
"트럼프 이란","10K+","August 2, 2026 at 6:30:00 PM UTC+9","August 3, 2026 at 8:50:00 AM UTC+9","트럼프 이란,이슬람 혁명 수비대,미국 이란,공습,트럼프","https://trends.google.com/trends/explore?q=%ED%8A%B8%EB%9F%BC%ED%94%84%20%EC%9D%B4%EB%9E%80&geo=KR&hl=en-US"
"수영장","200+","August 4, 2026 at 7:40:00 AM UTC+9","August 4, 2026 at 9:40:00 AM UTC+9","수영장","https://trends.google.com/trends/explore?q=%EC%88%98%EC%98%81%EC%9E%A5&geo=KR&hl=en-US"
"표승주","2K+","August 1, 2026 at 9:10:00 PM UTC+9","August 3, 2026 at 7:40:00 AM UTC+9","표승주","https://trends.google.com/trends/explore?q=%ED%91%9C%EC%8A%B9%EC%A3%BC&geo=KR&hl=en-US"
"일본","10K+","July 31, 2026 at 8:20:00 PM UTC+9","August 1, 2026 at 11:10:00 AM UTC+9","일본,대보짱,귀화,한국","https://trends.google.com/trends/explore?q=%EC%9D%BC%EB%B3%B8&geo=KR&hl=en-US"
"이민성","5K+","July 31, 2026 at 5:50:00 AM UTC+9","August 2, 2026 at 12:10:00 PM UTC+9","이민성","https://trends.google.com/trends/explore?q=%EC%9D%B4%EB%AF%BC%EC%84%B1&geo=KR&hl=en-US"
"movie theaters near me","2K+","August 1, 2026 at 3:20:00 AM UTC+9","August 4, 2026 at 6:30:00 AM UTC+9","movie theaters near me","https://trends.google.com/trends/explore?q=movie%20theaters%20near%20me&geo=KR&hl=en-US"
"6세대 전투기","10K+","July 30, 2026 at 4:40:00 PM UTC+9","August 1, 2026 at 11:00:00 AM UTC+9","6세대 전투기","https://trends.google.com/trends/explore?q=6%EC%84%B8%EB%8C%80%20%EC%A0%84%ED%88%AC%EA%B8%B0&geo=KR&hl=en-US"
"고령화","10K+","July 29, 2026 at 1:00:00 PM UTC+9","July 31, 2026 at 8:50:00 PM UTC+9","고령화","https://trends.google.com/trends/explore?q=%EA%B3%A0%EB%A0%B9%ED%99%94&geo=KR&hl=en-US"
"예금","20K+","July 31, 2026 at 6:00:00 PM UTC+9","August 1, 2026 at 10:00:00 AM UTC+9","예금","https://trends.google.com/trends/explore?q=%EC%98%88%EA%B8%88&geo=KR&hl=en-US"
"거점국립대학교","5K+","August 1, 2026 at 11:20:00 AM UTC+9","August 3, 2026 at 9:10:00 AM UTC+9","거점국립대학교","https://trends.google.com/trends/explore?q=%EA%B1%B0%EC%A0%90%EA%B5%AD%EB%A6%BD%EB%8C%80%ED%95%99%EA%B5%90&geo=KR&hl=en-US"
"자영업","10K+","August 1, 2026 at 6:40:00 AM UTC+9","August 2, 2026 at 7:40:00 AM UTC+9","자영업","https://trends.google.com/trends/explore?q=%EC%9E%90%EC%98%81%EC%97%85&geo=KR&hl=en-US"
"황정음","5K+","July 31, 2026 at 7:10:00 AM UTC+9","August 2, 2026 at 5:50:00 PM UTC+9","황정음","https://trends.google.com/trends/explore?q=%ED%99%A9%EC%A0%95%EC%9D%8C&geo=KR&hl=en-US"
"롤라팔루자","500+","August 3, 2026 at 4:00:00 PM UTC+9","August 4, 2026 at 9:20:00 AM UTC+9","롤라팔루자","https://trends.google.com/trends/explore?q=%EB%A1%A4%EB%9D%BC%ED%8C%94%EB%A3%A8%EC%9E%90&geo=KR&hl=en-US"
"기쁜 우리 좋은 날","20K+","July 30, 2026 at 12:30:00 AM UTC+9","July 31, 2026 at 9:00:00 AM UTC+9","기쁜 우리 좋은 날","https://trends.google.com/trends/explore?q=%EA%B8%B0%EC%81%9C%20%EC%9A%B0%EB%A6%AC%20%EC%A2%8B%EC%9D%80%20%EB%82%A0&geo=KR&hl=en-US"
"창원시","5K+","August 1, 2026 at 8:30:00 PM UTC+9","August 3, 2026 at 10:10:00 AM UTC+9","창원시,한국농어촌공사,대한민국 기후에너지환경부,김석기","https://trends.google.com/trends/explore?q=%EC%B0%BD%EC%9B%90%EC%8B%9C&geo=KR&hl=en-US"
"경복궁","5K+","August 1, 2026 at 10:40:00 AM UTC+9","August 3, 2026 at 8:20:00 AM UTC+9","경복궁","https://trends.google.com/trends/explore?q=%EA%B2%BD%EB%B3%B5%EA%B6%81&geo=KR&hl=en-US"
"테일러 프리츠","200+","August 4, 2026 at 5:40:00 AM UTC+9","August 4, 2026 at 8:30:00 AM UTC+9","테일러 프리츠","https://trends.google.com/trends/explore?q=%ED%85%8C%EC%9D%BC%EB%9F%AC%20%ED%94%84%EB%A6%AC%EC%B8%A0&geo=KR&hl=en-US"
"다이소","10K+","August 2, 2026 at 8:30:00 AM UTC+9","August 2, 2026 at 6:20:00 PM UTC+9","다이소","https://trends.google.com/trends/explore?q=%EB%8B%A4%EC%9D%B4%EC%86%8C&geo=KR&hl=en-US"
"이관희","20K+","July 29, 2026 at 12:10:00 PM UTC+9","July 31, 2026 at 9:10:00 AM UTC+9","이관희,유시은,이관희 유시은,솔로지옥3","https://trends.google.com/trends/explore?q=%EC%9D%B4%EA%B4%80%ED%9D%AC&geo=KR&hl=en-US"
"매일경제","200+","August 4, 2026 at 7:40:00 AM UTC+9","August 4, 2026 at 10:20:00 AM UTC+9","매일경제,투자 전략","https://trends.google.com/trends/explore?q=%EB%A7%A4%EC%9D%BC%EA%B2%BD%EC%A0%9C&geo=KR&hl=en-US"
"정은채","2K+","August 2, 2026 at 6:30:00 PM UTC+9","August 4, 2026 at 8:20:00 AM UTC+9","정은채","https://trends.google.com/trends/explore?q=%EC%A0%95%EC%9D%80%EC%B1%84&geo=KR&hl=en-US"
"백린","20K+","July 28, 2026 at 5:30:00 PM UTC+9","July 30, 2026 at 7:00:00 AM UTC+9","백린,평택 백린,백린탄,평택,서탄면,미군기지 백린,평택시 서탄면,평택 백린탄,평택 미군기지 백린,평택 미군기지,k-55 미군기지,백린 평택,오산 공군기지","https://trends.google.com/trends/explore?q=%EB%B0%B1%EB%A6%B0&geo=KR&hl=en-US"
"서울역","5K+","August 1, 2026 at 9:10:00 AM UTC+9","August 2, 2026 at 1:30:00 PM UTC+9","서울역","https://trends.google.com/trends/explore?q=%EC%84%9C%EC%9A%B8%EC%97%AD&geo=KR&hl=en-US"
"방파제","2K+","August 2, 2026 at 9:30:00 AM UTC+9","August 3, 2026 at 1:00:00 PM UTC+9","방파제","https://trends.google.com/trends/explore?q=%EB%B0%A9%ED%8C%8C%EC%A0%9C&geo=KR&hl=en-US"
"허태정","5K+","July 30, 2026 at 7:50:00 PM UTC+9","August 1, 2026 at 11:30:00 PM UTC+9","허태정","https://trends.google.com/trends/explore?q=%ED%97%88%ED%83%9C%EC%A0%95&geo=KR&hl=en-US"
"메이저 리그 베이스볼","200+","August 4, 2026 at 6:40:00 AM UTC+9","August 4, 2026 at 9:00:00 AM UTC+9","메이저 리그 베이스볼","https://trends.google.com/trends/explore?q=%EB%A9%94%EC%9D%B4%EC%A0%80%20%EB%A6%AC%EA%B7%B8%20%EB%B2%A0%EC%9D%B4%EC%8A%A4%EB%B3%BC&geo=KR&hl=en-US"
"시바이누코인","1K+","August 4, 2026 at 5:50:00 AM UTC+9","August 4, 2026 at 8:40:00 AM UTC+9","시바이누코인","https://trends.google.com/trends/explore?q=%EC%8B%9C%EB%B0%94%EC%9D%B4%EB%88%84%EC%BD%94%EC%9D%B8&geo=KR&hl=en-US"
"중위소득","20K+","August 3, 2026 at 6:30:00 AM UTC+9","August 3, 2026 at 8:50:00 AM UTC+9","중위소득,생계","https://trends.google.com/trends/explore?q=%EC%A4%91%EC%9C%84%EC%86%8C%EB%93%9D&geo=KR&hl=en-US"
"가덕도","500+","August 3, 2026 at 3:30:00 PM UTC+9","August 4, 2026 at 8:30:00 AM UTC+9","가덕도","https://trends.google.com/trends/explore?q=%EA%B0%80%EB%8D%95%EB%8F%84&geo=KR&hl=en-US"
"현대 그랜저","10K+","July 30, 2026 at 2:00:00 PM UTC+9","July 31, 2026 at 2:30:00 PM UTC+9","현대 그랜저","https://trends.google.com/trends/explore?q=%ED%98%84%EB%8C%80%20%EA%B7%B8%EB%9E%9C%EC%A0%80&geo=KR&hl=en-US"
"west indies vs pakistan","200+","August 4, 2026 at 6:10:00 AM UTC+9","August 4, 2026 at 8:40:00 AM UTC+9","west indies vs pakistan","https://trends.google.com/trends/explore?q=west%20indies%20vs%20pakistan&geo=KR&hl=en-US"
"재정경제부","200+","August 3, 2026 at 7:00:00 PM UTC+9","August 4, 2026 at 10:50:00 AM UTC+9","재정경제부","https://trends.google.com/trends/explore?q=%EC%9E%AC%EC%A0%95%EA%B2%BD%EC%A0%9C%EB%B6%80&geo=KR&hl=en-US"
"부업","2K+","August 1, 2026 at 3:10:00 PM UTC+9","August 3, 2026 at 7:20:00 PM UTC+9","부업","https://trends.google.com/trends/explore?q=%EB%B6%80%EC%97%85&geo=KR&hl=en-US"
"aig 여자오픈","20K+","August 2, 2026 at 8:50:00 AM UTC+9","August 2, 2026 at 5:10:00 PM UTC+9","aig 여자오픈,넬리 코다,유해란,aig 여자 오픈","https://trends.google.com/trends/explore?q=aig%20%EC%97%AC%EC%9E%90%EC%98%A4%ED%94%88&geo=KR&hl=en-US"
"니콜 키드먼","200+","August 4, 2026 at 5:40:00 AM UTC+9","August 4, 2026 at 9:10:00 AM UTC+9","니콜 키드먼","https://trends.google.com/trends/explore?q=%EB%8B%88%EC%BD%9C%20%ED%82%A4%EB%93%9C%EB%A8%BC&geo=KR&hl=en-US"
"박지현","5K+","July 31, 2026 at 10:20:00 PM UTC+9","August 2, 2026 at 7:20:00 PM UTC+9","박지현","https://trends.google.com/trends/explore?q=%EB%B0%95%EC%A7%80%ED%98%84&geo=KR&hl=en-US"
"포항시","200+","August 4, 2026 at 6:40:00 AM UTC+9","August 4, 2026 at 9:10:00 AM UTC+9","포항시","https://trends.google.com/trends/explore?q=%ED%8F%AC%ED%95%AD%EC%8B%9C&geo=KR&hl=en-US"
"세율","10K+","August 1, 2026 at 3:20:00 PM UTC+9","August 2, 2026 at 8:30:00 PM UTC+9","세율,종합부동산세","https://trends.google.com/trends/explore?q=%EC%84%B8%EC%9C%A8&geo=KR&hl=en-US"
"이차전지","10K+","July 31, 2026 at 11:30:00 PM UTC+9","August 1, 2026 at 4:20:00 PM UTC+9","이차전지,이차 전지,전지","https://trends.google.com/trends/explore?q=%EC%9D%B4%EC%B0%A8%EC%A0%84%EC%A7%80&geo=KR&hl=en-US"
"교장","5K+","July 30, 2026 at 4:20:00 PM UTC+9","August 1, 2026 at 6:30:00 PM UTC+9","교장","https://trends.google.com/trends/explore?q=%EA%B5%90%EC%9E%A5&geo=KR&hl=en-US"
"재활용","1K+","August 3, 2026 at 6:10:00 PM UTC+9","August 4, 2026 at 7:30:00 AM UTC+9","재활용","https://trends.google.com/trends/explore?q=%EC%9E%AC%ED%99%9C%EC%9A%A9&geo=KR&hl=en-US"
"아성다이소","5K+","August 1, 2026 at 5:20:00 AM UTC+9","August 2, 2026 at 10:10:00 PM UTC+9","아성다이소","https://trends.google.com/trends/explore?q=%EC%95%84%EC%84%B1%EB%8B%A4%EC%9D%B4%EC%86%8C&geo=KR&hl=en-US"
"indonesia đấu với việt nam","1K+","August 3, 2026 at 9:40:00 PM UTC+9","August 4, 2026 at 1:20:00 AM UTC+9","indonesia đấu với việt nam","https://trends.google.com/trends/explore?q=indonesia%20%C4%91%E1%BA%A5u%20v%E1%BB%9Bi%20vi%E1%BB%87t%20nam&geo=KR&hl=en-US"
"tax filing deadline","2K+","August 1, 2026 at 2:20:00 PM UTC+9","August 4, 2026 at 6:20:00 AM UTC+9","tax filing deadline","https://trends.google.com/trends/explore?q=tax%20filing%20deadline&geo=KR&hl=en-US"
"lg에너지솔루션","2K+","August 2, 2026 at 12:20:00 AM UTC+9","August 3, 2026 at 6:50:00 AM UTC+9","lg에너지솔루션","https://trends.google.com/trends/explore?q=lg%EC%97%90%EB%84%88%EC%A7%80%EC%86%94%EB%A3%A8%EC%85%98&geo=KR&hl=en-US"
"평택시","10K+","July 30, 2026 at 4:20:00 PM UTC+9","July 31, 2026 at 10:40:00 AM UTC+9","평택시","https://trends.google.com/trends/explore?q=%ED%8F%89%ED%83%9D%EC%8B%9C&geo=KR&hl=en-US"
"핵무기","10K+","July 28, 2026 at 6:40:00 PM UTC+9","July 30, 2026 at 8:10:00 AM UTC+9","핵무기","https://trends.google.com/trends/explore?q=%ED%95%B5%EB%AC%B4%EA%B8%B0&geo=KR&hl=en-US"
"설 영우","10K+","July 31, 2026 at 2:40:00 PM UTC+9","August 1, 2026 at 11:10:00 AM UTC+9","설 영우,설영우","https://trends.google.com/trends/explore?q=%EC%84%A4%20%EC%98%81%EC%9A%B0&geo=KR&hl=en-US"
"홍현희","2K+","August 1, 2026 at 3:00:00 PM UTC+9","August 3, 2026 at 8:00:00 AM UTC+9","홍현희","https://trends.google.com/trends/explore?q=%ED%99%8D%ED%98%84%ED%9D%AC&geo=KR&hl=en-US"
"군인","20K+","July 30, 2026 at 7:40:00 AM UTC+9","July 30, 2026 at 9:50:00 PM UTC+9","군인","https://trends.google.com/trends/explore?q=%EA%B5%B0%EC%9D%B8&geo=KR&hl=en-US"
"버지니아급 잠수함","20K+","July 31, 2026 at 10:10:00 AM UTC+9","August 1, 2026 at 7:20:00 AM UTC+9","버지니아급 잠수함,잠수함","https://trends.google.com/trends/explore?q=%EB%B2%84%EC%A7%80%EB%8B%88%EC%95%84%EA%B8%89%20%EC%9E%A0%EC%88%98%ED%95%A8&geo=KR&hl=en-US"
"투수","200+","August 4, 2026 at 6:30:00 AM UTC+9","August 4, 2026 at 8:00:00 AM UTC+9","투수","https://trends.google.com/trends/explore?q=%ED%88%AC%EC%88%98&geo=KR&hl=en-US"
"kt","200+","August 4, 2026 at 6:10:00 AM UTC+9","August 4, 2026 at 8:50:00 AM UTC+9","kt","https://trends.google.com/trends/explore?q=kt&geo=KR&hl=en-US"
"정유 라","20K+","July 29, 2026 at 4:40:00 PM UTC+9","July 30, 2026 at 5:20:00 PM UTC+9","정유 라,정유라","https://trends.google.com/trends/explore?q=%EC%A0%95%EC%9C%A0%20%EB%9D%BC&geo=KR&hl=en-US"
"윤동희","10K+","July 28, 2026 at 4:30:00 PM UTC+9","July 30, 2026 at 10:00:00 AM UTC+9","윤동희","https://trends.google.com/trends/explore?q=%EC%9C%A4%EB%8F%99%ED%9D%AC&geo=KR&hl=en-US"
"코오롱티슈진","5K+","August 2, 2026 at 12:40:00 PM UTC+9","August 2, 2026 at 9:00:00 PM UTC+9","코오롱티슈진","https://trends.google.com/trends/explore?q=%EC%BD%94%EC%98%A4%EB%A1%B1%ED%8B%B0%EC%8A%88%EC%A7%84&geo=KR&hl=en-US"
"윤경호","10K+","July 29, 2026 at 7:30:00 PM UTC+9","July 31, 2026 at 10:00:00 AM UTC+9","윤경호","https://trends.google.com/trends/explore?q=%EC%9C%A4%EA%B2%BD%ED%98%B8&geo=KR&hl=en-US"
"한다감","10K+","July 29, 2026 at 8:50:00 PM UTC+9","July 31, 2026 at 9:10:00 AM UTC+9","한다감,김용건","https://trends.google.com/trends/explore?q=%ED%95%9C%EB%8B%A4%EA%B0%90&geo=KR&hl=en-US"
"삼성 전자 컨콜","20K+","July 30, 2026 at 11:20:00 AM UTC+9","July 31, 2026 at 8:30:00 AM UTC+9","삼성 전자 컨콜,삼전,삼성전자 실적 발표,테일러,삼성 전자 2 분기 실적,삼성전자 실적발표,삼전 주가,삼성전자 실적,삼전주가,반도체 메모리,삼성전자 ir,컨콜","https://trends.google.com/trends/explore?q=%EC%82%BC%EC%84%B1%20%EC%A0%84%EC%9E%90%20%EC%BB%A8%EC%BD%9C&geo=KR&hl=en-US"
"최애의 사원","500+","August 3, 2026 at 8:40:00 PM UTC+9","August 4, 2026 at 8:20:00 AM UTC+9","최애의 사원","https://trends.google.com/trends/explore?q=%EC%B5%9C%EC%95%A0%EC%9D%98%20%EC%82%AC%EC%9B%90&geo=KR&hl=en-US"
"죽음","20K+","July 31, 2026 at 3:20:00 PM UTC+9","July 31, 2026 at 8:00:00 PM UTC+9","죽음","https://trends.google.com/trends/explore?q=%EC%A3%BD%EC%9D%8C&geo=KR&hl=en-US"
"gq","2K+","August 2, 2026 at 8:30:00 AM UTC+9","August 3, 2026 at 9:10:00 AM UTC+9","gq","https://trends.google.com/trends/explore?q=gq&geo=KR&hl=en-US"
"sk텔레콤","5K+","July 30, 2026 at 4:50:00 PM UTC+9","August 1, 2026 at 4:50:00 PM UTC+9","sk텔레콤","https://trends.google.com/trends/explore?q=sk%ED%85%94%EB%A0%88%EC%BD%A4&geo=KR&hl=en-US"
"강상준","100+","August 4, 2026 at 7:30:00 AM UTC+9","August 4, 2026 at 9:20:00 AM UTC+9","강상준","https://trends.google.com/trends/explore?q=%EA%B0%95%EC%83%81%EC%A4%80&geo=KR&hl=en-US"
"티머니","500+","August 3, 2026 at 6:30:00 PM UTC+9","August 4, 2026 at 10:20:00 AM UTC+9","티머니","https://trends.google.com/trends/explore?q=%ED%8B%B0%EB%A8%B8%EB%8B%88&geo=KR&hl=en-US"
"레이더","100+","August 4, 2026 at 5:50:00 AM UTC+9","August 4, 2026 at 9:00:00 AM UTC+9","레이더","https://trends.google.com/trends/explore?q=%EB%A0%88%EC%9D%B4%EB%8D%94&geo=KR&hl=en-US"
"명예훼손","20K+","July 29, 2026 at 1:30:00 PM UTC+9","July 30, 2026 at 8:20:00 AM UTC+9","명예훼손","https://trends.google.com/trends/explore?q=%EB%AA%85%EC%98%88%ED%9B%BC%EC%86%90&geo=KR&hl=en-US"
"도지코인","1K+","August 3, 2026 at 2:10:00 PM UTC+9","August 4, 2026 at 6:40:00 AM UTC+9","도지코인","https://trends.google.com/trends/explore?q=%EB%8F%84%EC%A7%80%EC%BD%94%EC%9D%B8&geo=KR&hl=en-US"
"서정희","2K+","August 1, 2026 at 10:10:00 AM UTC+9","August 3, 2026 at 7:20:00 AM UTC+9","서정희","https://trends.google.com/trends/explore?q=%EC%84%9C%EC%A0%95%ED%9D%AC&geo=KR&hl=en-US"
"로버트 기요사키","10K+","July 28, 2026 at 8:50:00 PM UTC+9","July 30, 2026 at 9:10:00 AM UTC+9","로버트 기요사키","https://trends.google.com/trends/explore?q=%EB%A1%9C%EB%B2%84%ED%8A%B8%20%EA%B8%B0%EC%9A%94%EC%82%AC%ED%82%A4&geo=KR&hl=en-US"
"한국상조공제조합","5K+","July 31, 2026 at 6:00:00 AM UTC+9","August 1, 2026 at 10:30:00 AM UTC+9","한국상조공제조합","https://trends.google.com/trends/explore?q=%ED%95%9C%EA%B5%AD%EC%83%81%EC%A1%B0%EA%B3%B5%EC%A0%9C%EC%A1%B0%ED%95%A9&geo=KR&hl=en-US"
"돈선태","10K+","July 29, 2026 at 7:10:00 PM UTC+9","August 1, 2026 at 8:10:00 AM UTC+9","돈선태,김선태 리 센느,원이,김선태,원 이,리센느 원이 논란,충주맨","https://trends.google.com/trends/explore?q=%EB%8F%88%EC%84%A0%ED%83%9C&geo=KR&hl=en-US"
"세우타","5K+","July 31, 2026 at 12:10:00 PM UTC+9","August 2, 2026 at 4:20:00 PM UTC+9","세우타,모로코,군대","https://trends.google.com/trends/explore?q=%EC%84%B8%EC%9A%B0%ED%83%80&geo=KR&hl=en-US"
"고우석","20K+","July 29, 2026 at 1:30:00 PM UTC+9","July 30, 2026 at 10:30:00 AM UTC+9","고우석","https://trends.google.com/trends/explore?q=%EA%B3%A0%EC%9A%B0%EC%84%9D&geo=KR&hl=en-US"
"netflix top movies right now","2K+","August 1, 2026 at 2:20:00 PM UTC+9","August 4, 2026 at 6:00:00 AM UTC+9","netflix top movies right now","https://trends.google.com/trends/explore?q=netflix%20top%20movies%20right%20now&geo=KR&hl=en-US"
"연예인","1K+","August 3, 2026 at 12:10:00 PM UTC+9","August 3, 2026 at 5:30:00 PM UTC+9","연예인","https://trends.google.com/trends/explore?q=%EC%97%B0%EC%98%88%EC%9D%B8&geo=KR&hl=en-US"
"전북 대 fc 서울","10K+","August 1, 2026 at 6:30:00 PM UTC+9","August 2, 2026 at 6:50:00 AM UTC+9","전북 대 fc 서울","https://trends.google.com/trends/explore?q=%EC%A0%84%EB%B6%81%20%EB%8C%80%20fc%20%EC%84%9C%EC%9A%B8&geo=KR&hl=en-US"
"김정난","10K+","July 28, 2026 at 8:00:00 PM UTC+9","July 30, 2026 at 8:00:00 AM UTC+9","김정난","https://trends.google.com/trends/explore?q=%EA%B9%80%EC%A0%95%EB%82%9C&geo=KR&hl=en-US"
"창신메모리테크놀로지","10K+","July 30, 2026 at 6:20:00 AM UTC+9","July 31, 2026 at 2:20:00 PM UTC+9","창신메모리테크놀로지,중국 반도체","https://trends.google.com/trends/explore?q=%EC%B0%BD%EC%8B%A0%EB%A9%94%EB%AA%A8%EB%A6%AC%ED%85%8C%ED%81%AC%EB%86%80%EB%A1%9C%EC%A7%80&geo=KR&hl=en-US"
"국민일보","2K+","August 3, 2026 at 5:00:00 AM UTC+9","August 3, 2026 at 11:10:00 AM UTC+9","국민일보","https://trends.google.com/trends/explore?q=%EA%B5%AD%EB%AF%BC%EC%9D%BC%EB%B3%B4&geo=KR&hl=en-US"
"주성엔지니어링","2K+","August 2, 2026 at 3:50:00 PM UTC+9","August 3, 2026 at 8:50:00 AM UTC+9","주성엔지니어링","https://trends.google.com/trends/explore?q=%EC%A3%BC%EC%84%B1%EC%97%94%EC%A7%80%EB%8B%88%EC%96%B4%EB%A7%81&geo=KR&hl=en-US"
"어머니","20K+","July 29, 2026 at 7:20:00 PM UTC+9","July 30, 2026 at 9:20:00 AM UTC+9","어머니","https://trends.google.com/trends/explore?q=%EC%96%B4%EB%A8%B8%EB%8B%88&geo=KR&hl=en-US"
"급발진","10K+","July 31, 2026 at 2:10:00 PM UTC+9","August 1, 2026 at 8:30:00 AM UTC+9","급발진","https://trends.google.com/trends/explore?q=%EA%B8%89%EB%B0%9C%EC%A7%84&geo=KR&hl=en-US"
"what is a data breach","2K+","August 1, 2026 at 4:30:00 PM UTC+9","August 4, 2026 at 3:30:00 AM UTC+9","what is a data breach","https://trends.google.com/trends/explore?q=what%20is%20a%20data%20breach&geo=KR&hl=en-US"
"tvn","2K+","August 3, 2026 at 9:10:00 AM UTC+9","August 3, 2026 at 3:00:00 PM UTC+9","tvn","https://trends.google.com/trends/explore?q=tvn&geo=KR&hl=en-US"
"첼시 대 시드니 원더러스","20K+","July 28, 2026 at 6:00:00 PM UTC+9","July 29, 2026 at 1:30:00 PM UTC+9","첼시 대 시드니 원더러스","https://trends.google.com/trends/explore?q=%EC%B2%BC%EC%8B%9C%20%EB%8C%80%20%EC%8B%9C%EB%93%9C%EB%8B%88%20%EC%9B%90%EB%8D%94%EB%9F%AC%EC%8A%A4&geo=KR&hl=en-US"
"soccer world rankings","2K+","August 1, 2026 at 7:30:00 AM UTC+9","August 4, 2026 at 6:10:00 AM UTC+9","soccer world rankings","https://trends.google.com/trends/explore?q=soccer%20world%20rankings&geo=KR&hl=en-US"
"주일 미군","5K+","July 31, 2026 at 6:50:00 PM UTC+9","August 1, 2026 at 12:40:00 PM UTC+9","주일 미군","https://trends.google.com/trends/explore?q=%EC%A3%BC%EC%9D%BC%20%EB%AF%B8%EA%B5%B0&geo=KR&hl=en-US"
"괴산군","5K+","July 31, 2026 at 6:00:00 PM UTC+9","August 1, 2026 at 9:10:00 AM UTC+9","괴산군","https://trends.google.com/trends/explore?q=%EA%B4%B4%EC%82%B0%EA%B5%B0&geo=KR&hl=en-US"
"원이 폭로","5K+","August 1, 2026 at 5:50:00 PM UTC+9","August 2, 2026 at 4:40:00 PM UTC+9","원이 폭로,리센느 원이,원 이,원이 논란,원이,원이 일진,리센느 원이 과거,리센느 원이 폭로","https://trends.google.com/trends/explore?q=%EC%9B%90%EC%9D%B4%20%ED%8F%AD%EB%A1%9C&geo=KR&hl=en-US"
"황재균","10K+","July 29, 2026 at 4:00:00 AM UTC+9","July 30, 2026 at 5:30:00 PM UTC+9","황재균,운동","https://trends.google.com/trends/explore?q=%ED%99%A9%EC%9E%AC%EA%B7%A0&geo=KR&hl=en-US"
"속초시","10K+","July 30, 2026 at 7:50:00 AM UTC+9","July 31, 2026 at 8:20:00 AM UTC+9","속초시","https://trends.google.com/trends/explore?q=%EC%86%8D%EC%B4%88%EC%8B%9C&geo=KR&hl=en-US"
"문진희","1K+","August 3, 2026 at 4:30:00 PM UTC+9","August 4, 2026 at 8:00:00 AM UTC+9","문진희","https://trends.google.com/trends/explore?q=%EB%AC%B8%EC%A7%84%ED%9D%AC&geo=KR&hl=en-US"
"바레시","5K+","July 31, 2026 at 2:40:00 PM UTC+9","August 1, 2026 at 6:20:00 PM UTC+9","바레시,프랑코 바레시","https://trends.google.com/trends/explore?q=%EB%B0%94%EB%A0%88%EC%8B%9C&geo=KR&hl=en-US"
"sk실트론","2K+","July 31, 2026 at 7:00:00 PM UTC+9","August 1, 2026 at 9:00:00 PM UTC+9","sk실트론","https://trends.google.com/trends/explore?q=sk%EC%8B%A4%ED%8A%B8%EB%A1%A0&geo=KR&hl=en-US"
"매머드","5K+","July 31, 2026 at 3:10:00 PM UTC+9","August 1, 2026 at 1:00:00 PM UTC+9","매머드,뼈","https://trends.google.com/trends/explore?q=%EB%A7%A4%EB%A8%B8%EB%93%9C&geo=KR&hl=en-US"
"영래기 불송치","5K+","July 31, 2026 at 8:50:00 PM UTC+9","August 1, 2026 at 4:40:00 PM UTC+9","영래기 불송치,영래기,영래기 고소","https://trends.google.com/trends/explore?q=%EC%98%81%EB%9E%98%EA%B8%B0%20%EB%B6%88%EC%86%A1%EC%B9%98&geo=KR&hl=en-US"
"실내 공기질","2K+","July 31, 2026 at 4:10:00 PM UTC+9","August 2, 2026 at 10:20:00 AM UTC+9","실내 공기질","https://trends.google.com/trends/explore?q=%EC%8B%A4%EB%82%B4%20%EA%B3%B5%EA%B8%B0%EC%A7%88&geo=KR&hl=en-US"
"김현태","10K+","July 28, 2026 at 6:40:00 PM UTC+9","July 29, 2026 at 3:40:00 PM UTC+9","김현태","https://trends.google.com/trends/explore?q=%EA%B9%80%ED%98%84%ED%83%9C&geo=KR&hl=en-US"
"푸들","5K+","July 30, 2026 at 10:40:00 AM UTC+9","July 31, 2026 at 9:50:00 AM UTC+9","푸들","https://trends.google.com/trends/explore?q=%ED%91%B8%EB%93%A4&geo=KR&hl=en-US"
"cryptocurrency trading","2K+","August 1, 2026 at 1:40:00 PM UTC+9","August 4, 2026 at 6:40:00 AM UTC+9","cryptocurrency trading","https://trends.google.com/trends/explore?q=cryptocurrency%20trading&geo=KR&hl=en-US"
"강습상륙함","10K+","July 28, 2026 at 3:10:00 PM UTC+9","July 29, 2026 at 2:30:00 PM UTC+9","강습상륙함","https://trends.google.com/trends/explore?q=%EA%B0%95%EC%8A%B5%EC%83%81%EB%A5%99%ED%95%A8&geo=KR&hl=en-US"
"사회 보장","2K+","July 31, 2026 at 6:30:00 AM UTC+9","August 1, 2026 at 2:20:00 PM UTC+9","사회 보장","https://trends.google.com/trends/explore?q=%EC%82%AC%ED%9A%8C%20%EB%B3%B4%EC%9E%A5&geo=KR&hl=en-US"
"아파트","20K+","July 29, 2026 at 5:50:00 PM UTC+9","July 30, 2026 at 10:00:00 AM UTC+9","아파트","https://trends.google.com/trends/explore?q=%EC%95%84%ED%8C%8C%ED%8A%B8&geo=KR&hl=en-US"
"현대제철","2K+","July 31, 2026 at 9:20:00 PM UTC+9","August 2, 2026 at 2:00:00 PM UTC+9","현대제철","https://trends.google.com/trends/explore?q=%ED%98%84%EB%8C%80%EC%A0%9C%EC%B2%A0&geo=KR&hl=en-US"
"사이드카","2K+","August 3, 2026 at 4:50:00 AM UTC+9","August 3, 2026 at 9:10:00 AM UTC+9","사이드카","https://trends.google.com/trends/explore?q=%EC%82%AC%EC%9D%B4%EB%93%9C%EC%B9%B4&geo=KR&hl=en-US"
"제1군단","10K+","July 29, 2026 at 12:30:00 PM UTC+9","July 30, 2026 at 12:40:00 PM UTC+9","제1군단,제 1 군단,1군단","https://trends.google.com/trends/explore?q=%EC%A0%9C1%EA%B5%B0%EB%8B%A8&geo=KR&hl=en-US"
"일본인","2K+","August 2, 2026 at 5:20:00 AM UTC+9","August 2, 2026 at 2:40:00 PM UTC+9","일본인","https://trends.google.com/trends/explore?q=%EC%9D%BC%EB%B3%B8%EC%9D%B8&geo=KR&hl=en-US"
"sk그룹","20K+","July 29, 2026 at 4:40:00 AM UTC+9","July 30, 2026 at 6:40:00 AM UTC+9","sk그룹,000660,하이닉스 주가,최태원 매수,상한가,sk하이닉스 주가,하이닉스 주식,하이닉스 상한가,최태원,하이닉스주가,sk 하이닉스 주가,주식 상한가,슈카,최태원 하이닉스 매수","https://trends.google.com/trends/explore?q=sk%EA%B7%B8%EB%A3%B9&geo=KR&hl=en-US"
"카페","10K+","July 28, 2026 at 6:50:00 PM UTC+9","July 30, 2026 at 8:50:00 AM UTC+9","카페","https://trends.google.com/trends/explore?q=%EC%B9%B4%ED%8E%98&geo=KR&hl=en-US"
"신민아","2K+","July 31, 2026 at 10:40:00 PM UTC+9","August 2, 2026 at 1:50:00 PM UTC+9","신민아,김우빈","https://trends.google.com/trends/explore?q=%EC%8B%A0%EB%AF%BC%EC%95%84&geo=KR&hl=en-US"
"오버워치 서버","500+","August 3, 2026 at 8:10:00 PM UTC+9","August 4, 2026 at 1:30:00 AM UTC+9","오버워치 서버","https://trends.google.com/trends/explore?q=%EC%98%A4%EB%B2%84%EC%9B%8C%EC%B9%98%20%EC%84%9C%EB%B2%84&geo=KR&hl=en-US"
"도쿄 바나나","5K+","July 30, 2026 at 5:50:00 PM UTC+9","July 31, 2026 at 4:00:00 PM UTC+9","도쿄 바나나,도쿄베리","https://trends.google.com/trends/explore?q=%EB%8F%84%EC%BF%84%20%EB%B0%94%EB%82%98%EB%82%98&geo=KR&hl=en-US"
"미셸 스틸","5K+","July 30, 2026 at 7:10:00 PM UTC+9","August 1, 2026 at 8:30:00 PM UTC+9","미셸 스틸,동맹,시장,주한 미국 대사","https://trends.google.com/trends/explore?q=%EB%AF%B8%EC%85%B8%20%EC%8A%A4%ED%8B%B8&geo=KR&hl=en-US"
"사기","5K+","August 1, 2026 at 4:50:00 AM UTC+9","August 2, 2026 at 8:40:00 AM UTC+9","사기","https://trends.google.com/trends/explore?q=%EC%82%AC%EA%B8%B0&geo=KR&hl=en-US"
"stock market news today","1K+","August 1, 2026 at 1:50:00 PM UTC+9","August 4, 2026 at 6:10:00 AM UTC+9","stock market news today","https://trends.google.com/trends/explore?q=stock%20market%20news%20today&geo=KR&hl=en-US"
"짜장면","5K+","July 31, 2026 at 3:10:00 PM UTC+9","August 1, 2026 at 10:10:00 AM UTC+9","짜장면","https://trends.google.com/trends/explore?q=%EC%A7%9C%EC%9E%A5%EB%A9%B4&geo=KR&hl=en-US"
"soccer highlights today","1K+","August 1, 2026 at 2:20:00 PM UTC+9","August 4, 2026 at 4:40:00 AM UTC+9","soccer highlights today","https://trends.google.com/trends/explore?q=soccer%20highlights%20today&geo=KR&hl=en-US"
"식이","10K+","July 28, 2026 at 9:30:00 PM UTC+9","July 29, 2026 at 11:00:00 PM UTC+9","식이","https://trends.google.com/trends/explore?q=%EC%8B%9D%EC%9D%B4&geo=KR&hl=en-US"
"임금","5K+","July 29, 2026 at 10:00:00 PM UTC+9","July 31, 2026 at 3:10:00 PM UTC+9","임금,sk 하이닉스","https://trends.google.com/trends/explore?q=%EC%9E%84%EA%B8%88&geo=KR&hl=en-US"
"햄버거","2K+","August 2, 2026 at 6:50:00 AM UTC+9","August 2, 2026 at 7:00:00 PM UTC+9","햄버거","https://trends.google.com/trends/explore?q=%ED%96%84%EB%B2%84%EA%B1%B0&geo=KR&hl=en-US"
"울산 대 안양","5K+","August 2, 2026 at 6:40:00 PM UTC+9","August 2, 2026 at 10:50:00 PM UTC+9","울산 대 안양","https://trends.google.com/trends/explore?q=%EC%9A%B8%EC%82%B0%20%EB%8C%80%20%EC%95%88%EC%96%91&geo=KR&hl=en-US"
"박근혜","1K+","August 3, 2026 at 2:40:00 PM UTC+9","August 3, 2026 at 9:10:00 PM UTC+9","박근혜","https://trends.google.com/trends/explore?q=%EB%B0%95%EA%B7%BC%ED%98%9C&geo=KR&hl=en-US"
"trực tiếp bóng đá hôm nay","500+","August 3, 2026 at 10:30:00 PM UTC+9","August 4, 2026 at 12:50:00 AM UTC+9","trực tiếp bóng đá hôm nay","https://trends.google.com/trends/explore?q=tr%E1%BB%B1c%20ti%E1%BA%BFp%20b%C3%B3ng%20%C4%91%C3%A1%20h%C3%B4m%20nay&geo=KR&hl=en-US"
"남궁민","1K+","August 3, 2026 at 8:30:00 PM UTC+9","August 3, 2026 at 10:50:00 PM UTC+9","남궁민","https://trends.google.com/trends/explore?q=%EB%82%A8%EA%B6%81%EB%AF%BC&geo=KR&hl=en-US"
"경제 성장","5K+","July 30, 2026 at 4:00:00 PM UTC+9","July 31, 2026 at 2:40:00 PM UTC+9","경제 성장,1인당 국민소득","https://trends.google.com/trends/explore?q=%EA%B2%BD%EC%A0%9C%20%EC%84%B1%EC%9E%A5&geo=KR&hl=en-US"
"트로트","2K+","July 31, 2026 at 4:10:00 PM UTC+9","August 1, 2026 at 1:30:00 PM UTC+9","트로트","https://trends.google.com/trends/explore?q=%ED%8A%B8%EB%A1%9C%ED%8A%B8&geo=KR&hl=en-US"
"뷔","10K+","July 28, 2026 at 10:20:00 PM UTC+9","July 29, 2026 at 4:30:00 PM UTC+9","뷔","https://trends.google.com/trends/explore?q=%EB%B7%94&geo=KR&hl=en-US"
"이지은","100+","August 4, 2026 at 6:30:00 AM UTC+9","August 4, 2026 at 9:20:00 AM UTC+9","이지은","https://trends.google.com/trends/explore?q=%EC%9D%B4%EC%A7%80%EC%9D%80&geo=KR&hl=en-US"
"무드릭","2K+","August 1, 2026 at 12:40:00 AM UTC+9","August 2, 2026 at 5:00:00 PM UTC+9","무드릭","https://trends.google.com/trends/explore?q=%EB%AC%B4%EB%93%9C%EB%A6%AD&geo=KR&hl=en-US"
"제주 대 인천","5K+","August 2, 2026 at 6:40:00 PM UTC+9","August 2, 2026 at 10:40:00 PM UTC+9","제주 대 인천,제주 대 화성","https://trends.google.com/trends/explore?q=%EC%A0%9C%EC%A3%BC%20%EB%8C%80%20%EC%9D%B8%EC%B2%9C&geo=KR&hl=en-US"
"이수현","2K+","July 31, 2026 at 9:30:00 AM UTC+9","August 1, 2026 at 2:40:00 PM UTC+9","이수현","https://trends.google.com/trends/explore?q=%EC%9D%B4%EC%88%98%ED%98%84&geo=KR&hl=en-US"
"알레스 페레이라","500+","August 3, 2026 at 2:00:00 PM UTC+9","August 4, 2026 at 9:20:00 AM UTC+9","알레스 페레이라","https://trends.google.com/trends/explore?q=%EC%95%8C%EB%A0%88%EC%8A%A4%20%ED%8E%98%EB%A0%88%EC%9D%B4%EB%9D%BC&geo=KR&hl=en-US"
"허재원","5K+","July 31, 2026 at 7:20:00 PM UTC+9","August 2, 2026 at 6:20:00 PM UTC+9","허재원,김민재","https://trends.google.com/trends/explore?q=%ED%97%88%EC%9E%AC%EC%9B%90&geo=KR&hl=en-US"
"그대에게 드림","10K+","July 31, 2026 at 6:10:00 AM UTC+9","July 31, 2026 at 5:30:00 PM UTC+9","그대에게 드림","https://trends.google.com/trends/explore?q=%EA%B7%B8%EB%8C%80%EC%97%90%EA%B2%8C%20%EB%93%9C%EB%A6%BC&geo=KR&hl=en-US"
"뉴스","20K+","July 30, 2026 at 7:00:00 PM UTC+9","July 31, 2026 at 7:50:00 AM UTC+9","뉴스","https://trends.google.com/trends/explore?q=%EB%89%B4%EC%8A%A4&geo=KR&hl=en-US"
"조혜련","10K+","July 28, 2026 at 11:00:00 AM UTC+9","July 29, 2026 at 10:40:00 AM UTC+9","조혜련","https://trends.google.com/trends/explore?q=%EC%A1%B0%ED%98%9C%EB%A0%A8&geo=KR&hl=en-US"
"조현병","2K+","August 3, 2026 at 7:30:00 AM UTC+9","August 3, 2026 at 2:10:00 PM UTC+9","조현병,어떻게 해야 했을까","https://trends.google.com/trends/explore?q=%EC%A1%B0%ED%98%84%EB%B3%91&geo=KR&hl=en-US"
"섭취","1K+","August 2, 2026 at 12:50:00 PM UTC+9","August 3, 2026 at 8:40:00 AM UTC+9","섭취","https://trends.google.com/trends/explore?q=%EC%84%AD%EC%B7%A8&geo=KR&hl=en-US"
"upcoming meteor showers","2K+","August 1, 2026 at 2:20:00 PM UTC+9","August 4, 2026 at 5:20:00 AM UTC+9","upcoming meteor showers","https://trends.google.com/trends/explore?q=upcoming%20meteor%20showers&geo=KR&hl=en-US"
"셰프","10K+","July 29, 2026 at 12:30:00 PM UTC+9","July 30, 2026 at 9:00:00 AM UTC+9","셰프,언더커버 셰프,언더 커버 셰프","https://trends.google.com/trends/explore?q=%EC%85%B0%ED%94%84&geo=KR&hl=en-US"
"한국고속철도","1K+","August 3, 2026 at 5:40:00 AM UTC+9","August 3, 2026 at 9:20:00 PM UTC+9","한국고속철도","https://trends.google.com/trends/explore?q=%ED%95%9C%EA%B5%AD%EA%B3%A0%EC%86%8D%EC%B2%A0%EB%8F%84&geo=KR&hl=en-US"
"계엄","5K+","July 29, 2026 at 2:50:00 PM UTC+9","July 31, 2026 at 6:30:00 AM UTC+9","계엄","https://trends.google.com/trends/explore?q=%EA%B3%84%EC%97%84&geo=KR&hl=en-US"
"도로교통법","5K+","July 29, 2026 at 8:10:00 PM UTC+9","July 30, 2026 at 6:00:00 PM UTC+9","도로교통법","https://trends.google.com/trends/explore?q=%EB%8F%84%EB%A1%9C%EA%B5%90%ED%86%B5%EB%B2%95&geo=KR&hl=en-US"
"재혼","10K+","July 28, 2026 at 3:30:00 PM UTC+9","July 29, 2026 at 5:50:00 PM UTC+9","재혼","https://trends.google.com/trends/explore?q=%EC%9E%AC%ED%98%BC&geo=KR&hl=en-US"
"대한민국 해양수산부","2K+","August 1, 2026 at 4:20:00 PM UTC+9","August 2, 2026 at 7:50:00 PM UTC+9","대한민국 해양수산부","https://trends.google.com/trends/explore?q=%EB%8C%80%ED%95%9C%EB%AF%BC%EA%B5%AD%20%ED%95%B4%EC%96%91%EC%88%98%EC%82%B0%EB%B6%80&geo=KR&hl=en-US"
"코너 맥그리거","10K+","July 29, 2026 at 8:00:00 AM UTC+9","July 30, 2026 at 8:30:00 AM UTC+9","코너 맥그리거","https://trends.google.com/trends/explore?q=%EC%BD%94%EB%84%88%20%EB%A7%A5%EA%B7%B8%EB%A6%AC%EA%B1%B0&geo=KR&hl=en-US"
"rottach-egern 대 바이에른","5K+","July 31, 2026 at 1:30:00 AM UTC+9","July 31, 2026 at 2:40:00 PM UTC+9","rottach-egern 대 바이에른","https://trends.google.com/trends/explore?q=rottach-egern%20%EB%8C%80%20%EB%B0%94%EC%9D%B4%EC%97%90%EB%A5%B8&geo=KR&hl=en-US"
"양현종","2K+","July 31, 2026 at 8:10:00 PM UTC+9","August 1, 2026 at 9:30:00 PM UTC+9","양현종","https://trends.google.com/trends/explore?q=%EC%96%91%ED%98%84%EC%A2%85&geo=KR&hl=en-US"
"김태형","1K+","August 2, 2026 at 11:10:00 PM UTC+9","August 3, 2026 at 9:40:00 AM UTC+9","김태형","https://trends.google.com/trends/explore?q=%EA%B9%80%ED%83%9C%ED%98%95&geo=KR&hl=en-US"
"이경실","2K+","July 31, 2026 at 6:00:00 AM UTC+9","August 1, 2026 at 12:10:00 PM UTC+9","이경실","https://trends.google.com/trends/explore?q=%EC%9D%B4%EA%B2%BD%EC%8B%A4&geo=KR&hl=en-US"
"미확인비행체","5K+","July 30, 2026 at 8:20:00 PM UTC+9","July 31, 2026 at 3:20:00 PM UTC+9","미확인비행체,미확인 비행체,김해국제공항","https://trends.google.com/trends/explore?q=%EB%AF%B8%ED%99%95%EC%9D%B8%EB%B9%84%ED%96%89%EC%B2%B4&geo=KR&hl=en-US"
"사격","5K+","July 30, 2026 at 6:10:00 PM UTC+9","July 31, 2026 at 7:20:00 PM UTC+9","사격","https://trends.google.com/trends/explore?q=%EC%82%AC%EA%B2%A9&geo=KR&hl=en-US"
"임종훈","2K+","July 31, 2026 at 4:40:00 AM UTC+9","August 1, 2026 at 2:20:00 PM UTC+9","임종훈","https://trends.google.com/trends/explore?q=%EC%9E%84%EC%A2%85%ED%9B%88&geo=KR&hl=en-US"
"폭염","5K+","August 3, 2026 at 6:30:00 AM UTC+9","August 3, 2026 at 8:20:00 AM UTC+9","폭염,서울특별시","https://trends.google.com/trends/explore?q=%ED%8F%AD%EC%97%BC&geo=KR&hl=en-US"
"where to watch champions league","1K+","August 1, 2026 at 2:50:00 PM UTC+9","August 4, 2026 at 4:40:00 AM UTC+9","where to watch champions league","https://trends.google.com/trends/explore?q=where%20to%20watch%20champions%20league&geo=KR&hl=en-US"
"유산","2K+","August 2, 2026 at 12:10:00 AM UTC+9","August 2, 2026 at 1:20:00 PM UTC+9","유산","https://trends.google.com/trends/explore?q=%EC%9C%A0%EC%82%B0&geo=KR&hl=en-US"
"산불","10K+","July 28, 2026 at 6:30:00 PM UTC+9","July 29, 2026 at 10:40:00 AM UTC+9","산불","https://trends.google.com/trends/explore?q=%EC%82%B0%EB%B6%88&geo=KR&hl=en-US"
"간선 급행 버스 체계","2K+","July 30, 2026 at 11:50:00 PM UTC+9","August 1, 2026 at 5:50:00 PM UTC+9","간선 급행 버스 체계,간선급행버스체계","https://trends.google.com/trends/explore?q=%EA%B0%84%EC%84%A0%20%EA%B8%89%ED%96%89%20%EB%B2%84%EC%8A%A4%20%EC%B2%B4%EA%B3%84&geo=KR&hl=en-US"
"송혜교","5K+","July 31, 2026 at 8:30:00 PM UTC+9","August 1, 2026 at 9:40:00 AM UTC+9","송혜교","https://trends.google.com/trends/explore?q=%EC%86%A1%ED%98%9C%EA%B5%90&geo=KR&hl=en-US"
"재벌x형사","5K+","July 30, 2026 at 7:10:00 AM UTC+9","July 31, 2026 at 8:50:00 AM UTC+9","재벌x형사","https://trends.google.com/trends/explore?q=%EC%9E%AC%EB%B2%8Cx%ED%98%95%EC%82%AC&geo=KR&hl=en-US"
"시금치","2K+","August 1, 2026 at 11:50:00 PM UTC+9","August 2, 2026 at 12:30:00 PM UTC+9","시금치","https://trends.google.com/trends/explore?q=%EC%8B%9C%EA%B8%88%EC%B9%98&geo=KR&hl=en-US"
"김보라","100+","August 4, 2026 at 1:30:00 AM UTC+9","August 4, 2026 at 8:20:00 AM UTC+9","김보라","https://trends.google.com/trends/explore?q=%EA%B9%80%EB%B3%B4%EB%9D%BC&geo=KR&hl=en-US"
"이효리","2K+","August 3, 2026 at 5:50:00 AM UTC+9","August 3, 2026 at 8:20:00 AM UTC+9","이효리","https://trends.google.com/trends/explore?q=%EC%9D%B4%ED%9A%A8%EB%A6%AC&geo=KR&hl=en-US"
"한국대학신문","2K+","July 31, 2026 at 5:10:00 PM UTC+9","August 1, 2026 at 8:50:00 PM UTC+9","한국대학신문","https://trends.google.com/trends/explore?q=%ED%95%9C%EA%B5%AD%EB%8C%80%ED%95%99%EC%8B%A0%EB%AC%B8&geo=KR&hl=en-US"
"최준용","5K+","July 29, 2026 at 11:20:00 AM UTC+9","July 30, 2026 at 1:00:00 PM UTC+9","최준용","https://trends.google.com/trends/explore?q=%EC%B5%9C%EC%A4%80%EC%9A%A9&geo=KR&hl=en-US"
"나는 solo","20K+","July 28, 2026 at 11:00:00 PM UTC+9","July 29, 2026 at 10:50:00 AM UTC+9","나는 solo","https://trends.google.com/trends/explore?q=%EB%82%98%EB%8A%94%20solo&geo=KR&hl=en-US"
"월드컵","10K+","August 2, 2026 at 7:40:00 AM UTC+9","August 2, 2026 at 9:50:00 AM UTC+9","월드컵,인판티노","https://trends.google.com/trends/explore?q=%EC%9B%94%EB%93%9C%EC%BB%B5&geo=KR&hl=en-US"
"최영중","1K+","August 3, 2026 at 12:30:00 PM UTC+9","August 4, 2026 at 7:30:00 AM UTC+9","최영중","https://trends.google.com/trends/explore?q=%EC%B5%9C%EC%98%81%EC%A4%91&geo=KR&hl=en-US"
"조정식","10K+","July 28, 2026 at 1:10:00 PM UTC+9","July 30, 2026 at 8:50:00 AM UTC+9","조정식,개헌,대통령,대전일보,조정식 국회의장,이재명 연임","https://trends.google.com/trends/explore?q=%EC%A1%B0%EC%A0%95%EC%8B%9D&geo=KR&hl=en-US"
"제이쓴","2K+","July 31, 2026 at 10:20:00 PM UTC+9","August 1, 2026 at 12:00:00 PM UTC+9","제이쓴","https://trends.google.com/trends/explore?q=%EC%A0%9C%EC%9D%B4%EC%93%B4&geo=KR&hl=en-US"
"mls","5K+","August 2, 2026 at 8:40:00 AM UTC+9","August 2, 2026 at 1:00:00 PM UTC+9","mls,inter miami vs columbus,inter miami","https://trends.google.com/trends/explore?q=mls&geo=KR&hl=en-US"
"임신","2K+","August 1, 2026 at 7:50:00 AM UTC+9","August 1, 2026 at 8:10:00 PM UTC+9","임신","https://trends.google.com/trends/explore?q=%EC%9E%84%EC%8B%A0&geo=KR&hl=en-US"
"릴레이 경기","2K+","August 1, 2026 at 2:10:00 PM UTC+9","August 2, 2026 at 7:20:00 AM UTC+9","릴레이 경기,400m 계주","https://trends.google.com/trends/explore?q=%EB%A6%B4%EB%A0%88%EC%9D%B4%20%EA%B2%BD%EA%B8%B0&geo=KR&hl=en-US"
"장동민","1K+","August 2, 2026 at 5:10:00 AM UTC+9","August 3, 2026 at 8:10:00 AM UTC+9","장동민","https://trends.google.com/trends/explore?q=%EC%9E%A5%EB%8F%99%EB%AF%BC&geo=KR&hl=en-US"
"산불","10K+","July 30, 2026 at 8:10:00 PM UTC+9","July 31, 2026 at 9:20:00 AM UTC+9","산불","https://trends.google.com/trends/explore?q=%EC%82%B0%EB%B6%88&geo=KR&hl=en-US"
"world's tallest buildings","1K+","August 1, 2026 at 2:20:00 PM UTC+9","August 4, 2026 at 5:50:00 AM UTC+9","world's tallest buildings","https://trends.google.com/trends/explore?q=world%27s%20tallest%20buildings&geo=KR&hl=en-US"
"휴림로봇","2K+","July 31, 2026 at 6:00:00 PM UTC+9","August 1, 2026 at 7:50:00 PM UTC+9","휴림로봇","https://trends.google.com/trends/explore?q=%ED%9C%B4%EB%A6%BC%EB%A1%9C%EB%B4%87&geo=KR&hl=en-US"
"단기 임대","2K+","July 31, 2026 at 4:20:00 PM UTC+9","August 1, 2026 at 10:50:00 AM UTC+9","단기 임대","https://trends.google.com/trends/explore?q=%EB%8B%A8%EA%B8%B0%20%EC%9E%84%EB%8C%80&geo=KR&hl=en-US"
"spiderman brand new day","2K+","July 29, 2026 at 12:20:00 AM UTC+9","August 3, 2026 at 1:10:00 AM UTC+9","spiderman brand new day,spiderman","https://trends.google.com/trends/explore?q=spiderman%20brand%20new%20day&geo=KR&hl=en-US"
"주우재","2K+","July 31, 2026 at 10:00:00 PM UTC+9","August 2, 2026 at 4:20:00 PM UTC+9","주우재","https://trends.google.com/trends/explore?q=%EC%A3%BC%EC%9A%B0%EC%9E%AC&geo=KR&hl=en-US"
"암벽등반","1K+","August 2, 2026 at 3:20:00 PM UTC+9","August 3, 2026 at 7:10:00 PM UTC+9","암벽등반","https://trends.google.com/trends/explore?q=%EC%95%94%EB%B2%BD%EB%93%B1%EB%B0%98&geo=KR&hl=en-US"
"최영일","10K+","July 28, 2026 at 6:30:00 PM UTC+9","August 1, 2026 at 7:30:00 AM UTC+9","최영일,홍명보","https://trends.google.com/trends/explore?q=%EC%B5%9C%EC%98%81%EC%9D%BC&geo=KR&hl=en-US"
"dl이앤씨","2K+","July 30, 2026 at 3:20:00 PM UTC+9","August 2, 2026 at 8:30:00 AM UTC+9","dl이앤씨","https://trends.google.com/trends/explore?q=dl%EC%9D%B4%EC%95%A4%EC%94%A8&geo=KR&hl=en-US"
"차두리","1K+","August 3, 2026 at 9:40:00 AM UTC+9","August 3, 2026 at 2:30:00 PM UTC+9","차두리","https://trends.google.com/trends/explore?q=%EC%B0%A8%EB%91%90%EB%A6%AC&geo=KR&hl=en-US"
"what is a heat index","1K+","August 1, 2026 at 2:50:00 PM UTC+9","August 4, 2026 at 4:20:00 AM UTC+9","what is a heat index","https://trends.google.com/trends/explore?q=what%20is%20a%20heat%20index&geo=KR&hl=en-US"
"종합 부동산 세","5K+","August 2, 2026 at 4:40:00 PM UTC+9","August 2, 2026 at 7:50:00 PM UTC+9","종합 부동산 세","https://trends.google.com/trends/explore?q=%EC%A2%85%ED%95%A9%20%EB%B6%80%EB%8F%99%EC%82%B0%20%EC%84%B8&geo=KR&hl=en-US"
"군인","10K+","July 31, 2026 at 6:10:00 PM UTC+9","July 31, 2026 at 10:20:00 PM UTC+9","군인,육군","https://trends.google.com/trends/explore?q=%EA%B5%B0%EC%9D%B8&geo=KR&hl=en-US"
"휴머노이드 로봇","1K+","August 2, 2026 at 6:50:00 AM UTC+9","August 3, 2026 at 8:50:00 AM UTC+9","휴머노이드 로봇","https://trends.google.com/trends/explore?q=%ED%9C%B4%EB%A8%B8%EB%85%B8%EC%9D%B4%EB%93%9C%20%EB%A1%9C%EB%B4%87&geo=KR&hl=en-US"
"부산 대 fc 서울","10K+","July 29, 2026 at 6:20:00 PM UTC+9","July 30, 2026 at 9:10:00 AM UTC+9","부산 대 fc 서울,대한민국 fa컵,코리아컵,k리그,fc서울","https://trends.google.com/trends/explore?q=%EB%B6%80%EC%82%B0%20%EB%8C%80%20fc%20%EC%84%9C%EC%9A%B8&geo=KR&hl=en-US"
"변기","20K+","July 28, 2026 at 3:00:00 PM UTC+9","July 29, 2026 at 9:20:00 AM UTC+9","변기","https://trends.google.com/trends/explore?q=%EB%B3%80%EA%B8%B0&geo=KR&hl=en-US"
"파괴","10K+","July 29, 2026 at 12:20:00 PM UTC+9","July 30, 2026 at 3:00:00 PM UTC+9","파괴,전투기","https://trends.google.com/trends/explore?q=%ED%8C%8C%EA%B4%B4&geo=KR&hl=en-US"
"베트남 대 싱가포르","2K+","July 31, 2026 at 9:10:00 PM UTC+9","August 1, 2026 at 9:30:00 AM UTC+9","베트남 대 싱가포르,베트남 축구 국가대표팀","https://trends.google.com/trends/explore?q=%EB%B2%A0%ED%8A%B8%EB%82%A8%20%EB%8C%80%20%EC%8B%B1%EA%B0%80%ED%8F%AC%EB%A5%B4&geo=KR&hl=en-US"
"조명우","1K+","August 3, 2026 at 6:10:00 PM UTC+9","August 3, 2026 at 7:40:00 PM UTC+9","조명우","https://trends.google.com/trends/explore?q=%EC%A1%B0%EB%AA%85%EC%9A%B0&geo=KR&hl=en-US"
"레미콘","5K+","July 29, 2026 at 5:40:00 PM UTC+9","July 30, 2026 at 1:20:00 PM UTC+9","레미콘","https://trends.google.com/trends/explore?q=%EB%A0%88%EB%AF%B8%EC%BD%98&geo=KR&hl=en-US"
"경제","5K+","August 1, 2026 at 7:20:00 AM UTC+9","August 1, 2026 at 8:00:00 PM UTC+9","경제","https://trends.google.com/trends/explore?q=%EA%B2%BD%EC%A0%9C&geo=KR&hl=en-US"
"mortgage rates today","2K+","August 1, 2026 at 3:00:00 PM UTC+9","August 4, 2026 at 4:50:00 AM UTC+9","mortgage rates today","https://trends.google.com/trends/explore?q=mortgage%20rates%20today&geo=KR&hl=en-US"
"donald trump","1K+","August 1, 2026 at 3:00:00 PM UTC+9","August 4, 2026 at 5:10:00 AM UTC+9","donald trump","https://trends.google.com/trends/explore?q=donald%20trump&geo=KR&hl=en-US"
"전진우","100+","August 4, 2026 at 12:10:00 AM UTC+9","August 4, 2026 at 8:30:00 AM UTC+9","전진우","https://trends.google.com/trends/explore?q=%EC%A0%84%EC%A7%84%EC%9A%B0&geo=KR&hl=en-US"
"서인영","5K+","August 1, 2026 at 6:20:00 AM UTC+9","August 1, 2026 at 1:40:00 PM UTC+9","서인영","https://trends.google.com/trends/explore?q=%EC%84%9C%EC%9D%B8%EC%98%81&geo=KR&hl=en-US"
"농지","10K+","July 30, 2026 at 7:40:00 PM UTC+9","July 31, 2026 at 9:30:00 AM UTC+9","농지","https://trends.google.com/trends/explore?q=%EB%86%8D%EC%A7%80&geo=KR&hl=en-US"
"어머니","20K+","July 28, 2026 at 11:30:00 AM UTC+9","July 28, 2026 at 5:50:00 PM UTC+9","어머니","https://trends.google.com/trends/explore?q=%EC%96%B4%EB%A8%B8%EB%8B%88&geo=KR&hl=en-US"
"송강호","5K+","July 31, 2026 at 8:20:00 AM UTC+9","July 31, 2026 at 6:40:00 PM UTC+9","송강호","https://trends.google.com/trends/explore?q=%EC%86%A1%EA%B0%95%ED%98%B8&geo=KR&hl=en-US"
"키","5K+","July 30, 2026 at 5:10:00 AM UTC+9","July 31, 2026 at 11:10:00 PM UTC+9","키,키옥시아,키옥시아 실적발표,키옥시아 주가","https://trends.google.com/trends/explore?q=%ED%82%A4&geo=KR&hl=en-US"
"이상화","5K+","July 28, 2026 at 4:50:00 PM UTC+9","July 29, 2026 at 7:50:00 PM UTC+9","이상화","https://trends.google.com/trends/explore?q=%EC%9D%B4%EC%83%81%ED%99%94&geo=KR&hl=en-US"
"파라 타 항공","200+","August 3, 2026 at 6:20:00 PM UTC+9","August 4, 2026 at 9:10:00 AM UTC+9","파라 타 항공","https://trends.google.com/trends/explore?q=%ED%8C%8C%EB%9D%BC%20%ED%83%80%20%ED%95%AD%EA%B3%B5&geo=KR&hl=en-US"
"부부","20K+","July 28, 2026 at 5:40:00 PM UTC+9","July 29, 2026 at 7:00:00 AM UTC+9","부부","https://trends.google.com/trends/explore?q=%EB%B6%80%EB%B6%80&geo=KR&hl=en-US"
"양정원","5K+","July 31, 2026 at 10:50:00 AM UTC+9","August 1, 2026 at 8:00:00 AM UTC+9","양정원,고소","https://trends.google.com/trends/explore?q=%EC%96%91%EC%A0%95%EC%9B%90&geo=KR&hl=en-US"
"birmingham vs barcelona","2K+","August 1, 2026 at 3:20:00 AM UTC+9","August 1, 2026 at 6:10:00 PM UTC+9","birmingham vs barcelona","https://trends.google.com/trends/explore?q=birmingham%20vs%20barcelona&geo=KR&hl=en-US"
"차영현","5K+","July 29, 2026 at 11:50:00 PM UTC+9","July 30, 2026 at 8:20:00 PM UTC+9","차영현","https://trends.google.com/trends/explore?q=%EC%B0%A8%EC%98%81%ED%98%84&geo=KR&hl=en-US"
"인천해양경찰서","5K+","July 30, 2026 at 10:50:00 AM UTC+9","July 31, 2026 at 9:00:00 AM UTC+9","인천해양경찰서","https://trends.google.com/trends/explore?q=%EC%9D%B8%EC%B2%9C%ED%95%B4%EC%96%91%EA%B2%BD%EC%B0%B0%EC%84%9C&geo=KR&hl=en-US"
"기름","500+","August 3, 2026 at 12:30:00 PM UTC+9","August 3, 2026 at 4:30:00 PM UTC+9","기름","https://trends.google.com/trends/explore?q=%EA%B8%B0%EB%A6%84&geo=KR&hl=en-US"
"유학생","5K+","July 30, 2026 at 9:20:00 PM UTC+9","July 31, 2026 at 2:00:00 PM UTC+9","유학생","https://trends.google.com/trends/explore?q=%EC%9C%A0%ED%95%99%EC%83%9D&geo=KR&hl=en-US"
"항서제약","2K+","July 30, 2026 at 12:00:00 AM UTC+9","July 31, 2026 at 7:40:00 AM UTC+9","항서제약","https://trends.google.com/trends/explore?q=%ED%95%AD%EC%84%9C%EC%A0%9C%EC%95%BD&geo=KR&hl=en-US"
"김경문","1K+","August 3, 2026 at 5:50:00 AM UTC+9","August 3, 2026 at 9:30:00 AM UTC+9","김경문","https://trends.google.com/trends/explore?q=%EA%B9%80%EA%B2%BD%EB%AC%B8&geo=KR&hl=en-US"
"신현준","2K+","July 30, 2026 at 6:00:00 PM UTC+9","July 31, 2026 at 11:40:00 AM UTC+9","신현준","https://trends.google.com/trends/explore?q=%EC%8B%A0%ED%98%84%EC%A4%80&geo=KR&hl=en-US"
"오픈ai","100+","August 4, 2026 at 8:40:00 AM UTC+9","August 4, 2026 at 9:10:00 AM UTC+9","오픈ai","https://trends.google.com/trends/explore?q=%EC%98%A4%ED%94%88ai&geo=KR&hl=en-US"
"송도동","2K+","July 31, 2026 at 9:10:00 PM UTC+9","August 1, 2026 at 11:00:00 AM UTC+9","송도동","https://trends.google.com/trends/explore?q=%EC%86%A1%EB%8F%84%EB%8F%99&geo=KR&hl=en-US"
"청룡시리즈어워즈 2026","2K+","July 31, 2026 at 8:10:00 PM UTC+9","August 1, 2026 at 4:50:00 PM UTC+9","청룡시리즈어워즈 2026,백선호","https://trends.google.com/trends/explore?q=%EC%B2%AD%EB%A3%A1%EC%8B%9C%EB%A6%AC%EC%A6%88%EC%96%B4%EC%9B%8C%EC%A6%88%202026&geo=KR&hl=en-US"
"위성락","2K+","August 1, 2026 at 2:30:00 PM UTC+9","August 2, 2026 at 9:10:00 AM UTC+9","위성락,채널a","https://trends.google.com/trends/explore?q=%EC%9C%84%EC%84%B1%EB%9D%BD&geo=KR&hl=en-US"
"대전 대 광주","2K+","August 2, 2026 at 6:50:00 PM UTC+9","August 2, 2026 at 10:40:00 PM UTC+9","대전 대 광주","https://trends.google.com/trends/explore?q=%EB%8C%80%EC%A0%84%20%EB%8C%80%20%EA%B4%91%EC%A3%BC&geo=KR&hl=en-US"
"입법고시","1K+","July 31, 2026 at 9:50:00 PM UTC+9","August 2, 2026 at 12:00:00 PM UTC+9","입법고시","https://trends.google.com/trends/explore?q=%EC%9E%85%EB%B2%95%EA%B3%A0%EC%8B%9C&geo=KR&hl=en-US"
"dj doc","2K+","July 31, 2026 at 12:50:00 PM UTC+9","August 1, 2026 at 8:00:00 AM UTC+9","dj doc","https://trends.google.com/trends/explore?q=dj%20doc&geo=KR&hl=en-US"
"간이식","2K+","July 30, 2026 at 11:30:00 PM UTC+9","July 31, 2026 at 3:40:00 PM UTC+9","간이식","https://trends.google.com/trends/explore?q=%EA%B0%84%EC%9D%B4%EC%8B%9D&geo=KR&hl=en-US"
"이영자","5K+","July 30, 2026 at 9:20:00 AM UTC+9","July 31, 2026 at 4:10:00 AM UTC+9","이영자","https://trends.google.com/trends/explore?q=%EC%9D%B4%EC%98%81%EC%9E%90&geo=KR&hl=en-US"
"펜타포트","2K+","July 30, 2026 at 6:10:00 PM UTC+9","August 3, 2026 at 1:40:00 AM UTC+9","펜타포트,매시브어택,펜타포트 2026","https://trends.google.com/trends/explore?q=%ED%8E%9C%ED%83%80%ED%8F%AC%ED%8A%B8&geo=KR&hl=en-US"
"ionq","200+","August 4, 2026 at 6:30:00 AM UTC+9","August 4, 2026 at 7:40:00 AM UTC+9","ionq","https://trends.google.com/trends/explore?q=ionq&geo=KR&hl=en-US"
"구준엽","20K+","July 29, 2026 at 5:20:00 AM UTC+9","July 29, 2026 at 11:40:00 AM UTC+9","구준엽","https://trends.google.com/trends/explore?q=%EA%B5%AC%EC%A4%80%EC%97%BD&geo=KR&hl=en-US"
"투기","1K+","August 3, 2026 at 3:20:00 AM UTC+9","August 3, 2026 at 8:40:00 AM UTC+9","투기","https://trends.google.com/trends/explore?q=%ED%88%AC%EA%B8%B0&geo=KR&hl=en-US"
"한국남동발전","500+","August 3, 2026 at 8:40:00 AM UTC+9","August 3, 2026 at 3:40:00 PM UTC+9","한국남동발전","https://trends.google.com/trends/explore?q=%ED%95%9C%EA%B5%AD%EB%82%A8%EB%8F%99%EB%B0%9C%EC%A0%84&geo=KR&hl=en-US"
"술","2K+","July 31, 2026 at 9:40:00 PM UTC+9","August 1, 2026 at 3:20:00 PM UTC+9","술","https://trends.google.com/trends/explore?q=%EC%88%A0&geo=KR&hl=en-US"
"lpga","2K+","August 3, 2026 at 12:50:00 PM UTC+9","August 3, 2026 at 2:20:00 PM UTC+9","lpga","https://trends.google.com/trends/explore?q=lpga&geo=KR&hl=en-US"
"상업용 부동산","2K+","July 30, 2026 at 8:00:00 PM UTC+9","July 31, 2026 at 2:10:00 PM UTC+9","상업용 부동산","https://trends.google.com/trends/explore?q=%EC%83%81%EC%97%85%EC%9A%A9%20%EB%B6%80%EB%8F%99%EC%82%B0&geo=KR&hl=en-US"
"김태효","5K+","July 29, 2026 at 7:30:00 PM UTC+9","July 30, 2026 at 11:10:00 AM UTC+9","김태효","https://trends.google.com/trends/explore?q=%EA%B9%80%ED%83%9C%ED%9A%A8&geo=KR&hl=en-US"
"개","1K+","August 3, 2026 at 6:30:00 PM UTC+9","August 3, 2026 at 7:40:00 PM UTC+9","개","https://trends.google.com/trends/explore?q=%EA%B0%9C&geo=KR&hl=en-US"
"채권","5K+","July 28, 2026 at 5:40:00 PM UTC+9","July 29, 2026 at 12:40:00 PM UTC+9","채권","https://trends.google.com/trends/explore?q=%EC%B1%84%EA%B6%8C&geo=KR&hl=en-US"
"현대 아반떼","2K+","August 4, 2026 at 8:10:00 AM UTC+9","August 4, 2026 at 8:30:00 AM UTC+9","현대 아반떼","https://trends.google.com/trends/explore?q=%ED%98%84%EB%8C%80%20%EC%95%84%EB%B0%98%EB%96%BC&geo=KR&hl=en-US"
"글렌 한사드","5K+","July 29, 2026 at 11:30:00 PM UTC+9","July 30, 2026 at 7:50:00 PM UTC+9","글렌 한사드,원스,교통 사고","https://trends.google.com/trends/explore?q=%EA%B8%80%EB%A0%8C%20%ED%95%9C%EC%82%AC%EB%93%9C&geo=KR&hl=en-US"
"농협","5K+","July 30, 2026 at 12:50:00 PM UTC+9","July 31, 2026 at 8:20:00 AM UTC+9","농협,농협은행","https://trends.google.com/trends/explore?q=%EB%86%8D%ED%98%91&geo=KR&hl=en-US"
"전장연","1K+","August 3, 2026 at 8:50:00 AM UTC+9","August 3, 2026 at 12:20:00 PM UTC+9","전장연,전장연 시위,노량진","https://trends.google.com/trends/explore?q=%EC%A0%84%EC%9E%A5%EC%97%B0&geo=KR&hl=en-US"
"김민하","2K+","July 31, 2026 at 8:40:00 PM UTC+9","August 1, 2026 at 4:10:00 PM UTC+9","김민하","https://trends.google.com/trends/explore?q=%EA%B9%80%EB%AF%BC%ED%95%98&geo=KR&hl=en-US"
"tennis scores today","500+","August 1, 2026 at 7:50:00 PM UTC+9","August 4, 2026 at 4:50:00 AM UTC+9","tennis scores today","https://trends.google.com/trends/explore?q=tennis%20scores%20today&geo=KR&hl=en-US"
"김동관","2K+","July 30, 2026 at 3:20:00 PM UTC+9","July 31, 2026 at 12:20:00 PM UTC+9","김동관","https://trends.google.com/trends/explore?q=%EA%B9%80%EB%8F%99%EA%B4%80&geo=KR&hl=en-US"
"인천지하철","5K+","July 29, 2026 at 2:20:00 PM UTC+9","July 30, 2026 at 9:20:00 PM UTC+9","인천지하철,인천 도시철도 2호선","https://trends.google.com/trends/explore?q=%EC%9D%B8%EC%B2%9C%EC%A7%80%ED%95%98%EC%B2%A0&geo=KR&hl=en-US"
"국군방첩사령부","200+","August 4, 2026 at 7:10:00 AM UTC+9","August 4, 2026 at 8:20:00 AM UTC+9","국군방첩사령부","https://trends.google.com/trends/explore?q=%EA%B5%AD%EA%B5%B0%EB%B0%A9%EC%B2%A9%EC%82%AC%EB%A0%B9%EB%B6%80&geo=KR&hl=en-US"
"한국여자바둑리그","1K+","August 1, 2026 at 8:50:00 AM UTC+9","August 2, 2026 at 7:30:00 AM UTC+9","한국여자바둑리그","https://trends.google.com/trends/explore?q=%ED%95%9C%EA%B5%AD%EC%97%AC%EC%9E%90%EB%B0%94%EB%91%91%EB%A6%AC%EA%B7%B8&geo=KR&hl=en-US"
"편의점 도시락","2K+","July 30, 2026 at 8:00:00 AM UTC+9","July 31, 2026 at 1:10:00 PM UTC+9","편의점 도시락","https://trends.google.com/trends/explore?q=%ED%8E%B8%EC%9D%98%EC%A0%90%20%EB%8F%84%EC%8B%9C%EB%9D%BD&geo=KR&hl=en-US"
"보릿돌교","5K+","July 28, 2026 at 3:20:00 PM UTC+9","July 30, 2026 at 7:30:00 AM UTC+9","보릿돌교,다리,포항 보릿돌교","https://trends.google.com/trends/explore?q=%EB%B3%B4%EB%A6%BF%EB%8F%8C%EA%B5%90&geo=KR&hl=en-US"
"기후동행카드","2K+","July 28, 2026 at 3:00:00 PM UTC+9","July 30, 2026 at 3:10:00 PM UTC+9","기후동행카드","https://trends.google.com/trends/explore?q=%EA%B8%B0%ED%9B%84%EB%8F%99%ED%96%89%EC%B9%B4%EB%93%9C&geo=KR&hl=en-US"
"스텐트","1K+","August 1, 2026 at 5:10:00 AM UTC+9","August 2, 2026 at 8:40:00 AM UTC+9","스텐트","https://trends.google.com/trends/explore?q=%EC%8A%A4%ED%85%90%ED%8A%B8&geo=KR&hl=en-US"
"신천지예수교 증거장막성전","500+","August 3, 2026 at 7:40:00 AM UTC+9","August 3, 2026 at 12:00:00 PM UTC+9","신천지예수교 증거장막성전","https://trends.google.com/trends/explore?q=%EC%8B%A0%EC%B2%9C%EC%A7%80%EC%98%88%EC%88%98%EA%B5%90%20%EC%A6%9D%EA%B1%B0%EC%9E%A5%EB%A7%89%EC%84%B1%EC%A0%84&geo=KR&hl=en-US"
"비상 착륙","2K+","July 31, 2026 at 5:50:00 PM UTC+9","August 1, 2026 at 11:50:00 AM UTC+9","비상 착륙","https://trends.google.com/trends/explore?q=%EB%B9%84%EC%83%81%20%EC%B0%A9%EB%A5%99&geo=KR&hl=en-US"
"무치악","5K+","July 28, 2026 at 12:50:00 PM UTC+9","July 29, 2026 at 9:20:00 AM UTC+9","무치악","https://trends.google.com/trends/explore?q=%EB%AC%B4%EC%B9%98%EC%95%85&geo=KR&hl=en-US"
"달러","5K+","July 31, 2026 at 8:20:00 AM UTC+9","July 31, 2026 at 3:10:00 PM UTC+9","달러,환율,시장,달러 환율,환율 달러,원달러환율","https://trends.google.com/trends/explore?q=%EB%8B%AC%EB%9F%AC&geo=KR&hl=en-US"
"구명동의","2K+","July 31, 2026 at 5:00:00 PM UTC+9","August 1, 2026 at 8:20:00 AM UTC+9","구명동의","https://trends.google.com/trends/explore?q=%EA%B5%AC%EB%AA%85%EB%8F%99%EC%9D%98&geo=KR&hl=en-US"
"절대 평가","500+","August 3, 2026 at 7:10:00 AM UTC+9","August 3, 2026 at 1:20:00 PM UTC+9","절대 평가,수능","https://trends.google.com/trends/explore?q=%EC%A0%88%EB%8C%80%20%ED%8F%89%EA%B0%80&geo=KR&hl=en-US"
"가사 도우미","2K+","July 31, 2026 at 10:40:00 PM UTC+9","August 1, 2026 at 12:30:00 PM UTC+9","가사 도우미","https://trends.google.com/trends/explore?q=%EA%B0%80%EC%82%AC%20%EB%8F%84%EC%9A%B0%EB%AF%B8&geo=KR&hl=en-US"
"김현수","500+","August 3, 2026 at 12:20:00 PM UTC+9","August 3, 2026 at 4:50:00 PM UTC+9","김현수","https://trends.google.com/trends/explore?q=%EA%B9%80%ED%98%84%EC%88%98&geo=KR&hl=en-US"
"잠수함","10K+","July 29, 2026 at 9:10:00 PM UTC+9","July 30, 2026 at 8:50:00 AM UTC+9","잠수함","https://trends.google.com/trends/explore?q=%EC%9E%A0%EC%88%98%ED%95%A8&geo=KR&hl=en-US"
"주가순자산비율","2K+","July 29, 2026 at 3:40:00 PM UTC+9","July 30, 2026 at 10:00:00 AM UTC+9","주가순자산비율","https://trends.google.com/trends/explore?q=%EC%A3%BC%EA%B0%80%EC%88%9C%EC%9E%90%EC%82%B0%EB%B9%84%EC%9C%A8&geo=KR&hl=en-US"
"기장군수","200+","August 3, 2026 at 2:40:00 PM UTC+9","August 4, 2026 at 8:00:00 AM UTC+9","기장군수","https://trends.google.com/trends/explore?q=%EA%B8%B0%EC%9E%A5%EA%B5%B0%EC%88%98&geo=KR&hl=en-US"
"세종특별자치시","5K+","July 30, 2026 at 3:40:00 PM UTC+9","July 31, 2026 at 8:30:00 AM UTC+9","세종특별자치시","https://trends.google.com/trends/explore?q=%EC%84%B8%EC%A2%85%ED%8A%B9%EB%B3%84%EC%9E%90%EC%B9%98%EC%8B%9C&geo=KR&hl=en-US"
"지휘관","2K+","July 28, 2026 at 5:50:00 PM UTC+9","July 29, 2026 at 6:30:00 PM UTC+9","지휘관","https://trends.google.com/trends/explore?q=%EC%A7%80%ED%9C%98%EA%B4%80&geo=KR&hl=en-US"
"이원택","2K+","July 30, 2026 at 5:10:00 PM UTC+9","July 31, 2026 at 9:00:00 PM UTC+9","이원택","https://trends.google.com/trends/explore?q=%EC%9D%B4%EC%9B%90%ED%83%9D&geo=KR&hl=en-US"
"임신","500+","August 3, 2026 at 8:20:00 PM UTC+9","August 3, 2026 at 9:40:00 PM UTC+9","임신","https://trends.google.com/trends/explore?q=%EC%9E%84%EC%8B%A0&geo=KR&hl=en-US"
"어 도어","5K+","July 28, 2026 at 11:30:00 PM UTC+9","July 29, 2026 at 11:50:00 PM UTC+9","어 도어,어도어","https://trends.google.com/trends/explore?q=%EC%96%B4%20%EB%8F%84%EC%96%B4&geo=KR&hl=en-US"
"최예나","500+","August 4, 2026 at 7:50:00 AM UTC+9","August 4, 2026 at 8:40:00 AM UTC+9","최예나,내 남은 연애","https://trends.google.com/trends/explore?q=%EC%B5%9C%EC%98%88%EB%82%98&geo=KR&hl=en-US"
"정념","2K+","July 31, 2026 at 6:00:00 PM UTC+9","August 1, 2026 at 8:10:00 AM UTC+9","정념","https://trends.google.com/trends/explore?q=%EC%A0%95%EB%85%90&geo=KR&hl=en-US"
"부산 대 서울e","1K+","August 2, 2026 at 6:50:00 PM UTC+9","August 2, 2026 at 11:00:00 PM UTC+9","부산 대 서울e","https://trends.google.com/trends/explore?q=%EB%B6%80%EC%82%B0%20%EB%8C%80%20%EC%84%9C%EC%9A%B8e&geo=KR&hl=en-US"
"이영애","2K+","July 31, 2026 at 12:40:00 AM UTC+9","July 31, 2026 at 10:20:00 AM UTC+9","이영애","https://trends.google.com/trends/explore?q=%EC%9D%B4%EC%98%81%EC%95%A0&geo=KR&hl=en-US"
"마니산","2K+","July 31, 2026 at 10:10:00 PM UTC+9","August 1, 2026 at 10:50:00 AM UTC+9","마니산","https://trends.google.com/trends/explore?q=%EB%A7%88%EB%8B%88%EC%82%B0&geo=KR&hl=en-US"
"메이저 리그 사커","5K+","July 29, 2026 at 7:40:00 AM UTC+9","July 29, 2026 at 8:00:00 PM UTC+9","메이저 리그 사커,mls 올스타전 중계,mls 올스타전","https://trends.google.com/trends/explore?q=%EB%A9%94%EC%9D%B4%EC%A0%80%20%EB%A6%AC%EA%B7%B8%20%EC%82%AC%EC%BB%A4&geo=KR&hl=en-US"
"가상 이동 통신망 사업자","2K+","July 29, 2026 at 5:40:00 PM UTC+9","July 30, 2026 at 12:30:00 PM UTC+9","가상 이동 통신망 사업자","https://trends.google.com/trends/explore?q=%EA%B0%80%EC%83%81%20%EC%9D%B4%EB%8F%99%20%ED%86%B5%EC%8B%A0%EB%A7%9D%20%EC%82%AC%EC%97%85%EC%9E%90&geo=KR&hl=en-US"
"lck","5K+","July 29, 2026 at 4:30:00 PM UTC+9","July 30, 2026 at 2:30:00 AM UTC+9","lck,롤 패치노트,롤 인벤,롤 패치 노트,클래식 롤","https://trends.google.com/trends/explore?q=lck&geo=KR&hl=en-US"
"일본인","2K+","July 31, 2026 at 4:30:00 PM UTC+9","July 31, 2026 at 11:50:00 PM UTC+9","일본인,인구","https://trends.google.com/trends/explore?q=%EC%9D%BC%EB%B3%B8%EC%9D%B8&geo=KR&hl=en-US"
"김시우","10K+","July 30, 2026 at 11:40:00 AM UTC+9","July 30, 2026 at 3:20:00 PM UTC+9","김시우","https://trends.google.com/trends/explore?q=%EA%B9%80%EC%8B%9C%EC%9A%B0&geo=KR&hl=en-US"
"지역화폐","2K+","July 31, 2026 at 6:50:00 AM UTC+9","August 1, 2026 at 4:50:00 PM UTC+9","지역화폐","https://trends.google.com/trends/explore?q=%EC%A7%80%EC%97%AD%ED%99%94%ED%8F%90&geo=KR&hl=en-US"
"qwen","100+","August 4, 2026 at 6:40:00 AM UTC+9","August 4, 2026 at 9:50:00 AM UTC+9","qwen","https://trends.google.com/trends/explore?q=qwen&geo=KR&hl=en-US"
"고우림","1K+","August 2, 2026 at 3:40:00 AM UTC+9","August 2, 2026 at 1:30:00 PM UTC+9","고우림","https://trends.google.com/trends/explore?q=%EA%B3%A0%EC%9A%B0%EB%A6%BC&geo=KR&hl=en-US"
"이란","10K+","July 31, 2026 at 5:30:00 AM UTC+9","July 31, 2026 at 8:30:00 AM UTC+9","이란","https://trends.google.com/trends/explore?q=%EC%9D%B4%EB%9E%80&geo=KR&hl=en-US"
"김윤희 아나운서","500+","August 3, 2026 at 7:40:00 PM UTC+9","August 3, 2026 at 9:10:00 PM UTC+9","김윤희 아나운서","https://trends.google.com/trends/explore?q=%EA%B9%80%EC%9C%A4%ED%9D%AC%20%EC%95%84%EB%82%98%EC%9A%B4%EC%84%9C&geo=KR&hl=en-US"
"수원 삼성 블루윙즈","1K+","August 2, 2026 at 11:40:00 AM UTC+9","August 2, 2026 at 9:00:00 PM UTC+9","수원 삼성 블루윙즈,이정효,수원삼성","https://trends.google.com/trends/explore?q=%EC%88%98%EC%9B%90%20%EC%82%BC%EC%84%B1%20%EB%B8%94%EB%A3%A8%EC%9C%99%EC%A6%88&geo=KR&hl=en-US"
"하이닉스 실적","20K+","July 29, 2026 at 6:10:00 AM UTC+9","July 29, 2026 at 3:40:00 PM UTC+9","하이닉스 실적,하이닉스 주가,000660,이와,sk하이닉스 주가 전망,하이닉스 영업이익,sk하이닉스 실적발표,sk 하이닉스,하이닉스 실적 발표 시간,sk하이닉스 실적,sk 하이닉스 주가,컨콜","https://trends.google.com/trends/explore?q=%ED%95%98%EC%9D%B4%EB%8B%89%EC%8A%A4%20%EC%8B%A4%EC%A0%81&geo=KR&hl=en-US"
"신도시","5K+","July 29, 2026 at 8:50:00 AM UTC+9","July 29, 2026 at 6:50:00 PM UTC+9","신도시","https://trends.google.com/trends/explore?q=%EC%8B%A0%EB%8F%84%EC%8B%9C&geo=KR&hl=en-US"
"관광","10K+","July 29, 2026 at 4:00:00 PM UTC+9","July 29, 2026 at 9:00:00 PM UTC+9","관광","https://trends.google.com/trends/explore?q=%EA%B4%80%EA%B4%91&geo=KR&hl=en-US"
"조여정","2K+","July 30, 2026 at 6:20:00 PM UTC+9","July 31, 2026 at 8:20:00 AM UTC+9","조여정","https://trends.google.com/trends/explore?q=%EC%A1%B0%EC%97%AC%EC%A0%95&geo=KR&hl=en-US"
"이한범","2K+","August 3, 2026 at 5:40:00 PM UTC+9","August 3, 2026 at 8:20:00 PM UTC+9","이한범,이한 범","https://trends.google.com/trends/explore?q=%EC%9D%B4%ED%95%9C%EB%B2%94&geo=KR&hl=en-US"
"폭력 조직","5K+","July 28, 2026 at 5:10:00 PM UTC+9","July 29, 2026 at 1:20:00 PM UTC+9","폭력 조직","https://trends.google.com/trends/explore?q=%ED%8F%AD%EB%A0%A5%20%EC%A1%B0%EC%A7%81&geo=KR&hl=en-US"
"lafc","2K+","August 2, 2026 at 9:20:00 AM UTC+9","August 2, 2026 at 12:30:00 PM UTC+9","lafc,vancouver vs lafc,la fc","https://trends.google.com/trends/explore?q=lafc&geo=KR&hl=en-US"
"대중교통","500+","August 3, 2026 at 10:20:00 AM UTC+9","August 3, 2026 at 3:20:00 PM UTC+9","대중교통","https://trends.google.com/trends/explore?q=%EB%8C%80%EC%A4%91%EA%B5%90%ED%86%B5&geo=KR&hl=en-US"
"모아타운","5K+","July 31, 2026 at 7:50:00 AM UTC+9","July 31, 2026 at 8:10:00 PM UTC+9","모아타운,중랑구,면목역","https://trends.google.com/trends/explore?q=%EB%AA%A8%EC%95%84%ED%83%80%EC%9A%B4&geo=KR&hl=en-US"
"종합격투기","2K+","July 29, 2026 at 4:50:00 AM UTC+9","July 29, 2026 at 7:40:00 PM UTC+9","종합격투기","https://trends.google.com/trends/explore?q=%EC%A2%85%ED%95%A9%EA%B2%A9%ED%88%AC%EA%B8%B0&geo=KR&hl=en-US"
"충북대학교","2K+","August 1, 2026 at 8:40:00 AM UTC+9","August 1, 2026 at 9:40:00 PM UTC+9","충북대학교,이동석","https://trends.google.com/trends/explore?q=%EC%B6%A9%EB%B6%81%EB%8C%80%ED%95%99%EA%B5%90&geo=KR&hl=en-US"
"주상욱","2K+","July 31, 2026 at 6:30:00 AM UTC+9","July 31, 2026 at 3:30:00 PM UTC+9","주상욱","https://trends.google.com/trends/explore?q=%EC%A3%BC%EC%83%81%EC%9A%B1&geo=KR&hl=en-US"
"두류공원","2K+","July 31, 2026 at 1:00:00 PM UTC+9","August 1, 2026 at 9:30:00 AM UTC+9","두류공원","https://trends.google.com/trends/explore?q=%EB%91%90%EB%A5%98%EA%B3%B5%EC%9B%90&geo=KR&hl=en-US"
"이수지","1K+","August 1, 2026 at 4:40:00 PM UTC+9","August 2, 2026 at 10:20:00 AM UTC+9","이수지,이수지 논란,유튜브,","https://trends.google.com/trends/explore?q=%EC%9D%B4%EC%88%98%EC%A7%80&geo=KR&hl=en-US"
"완도군","2K+","July 31, 2026 at 8:40:00 AM UTC+9","August 1, 2026 at 7:20:00 AM UTC+9","완도군","https://trends.google.com/trends/explore?q=%EC%99%84%EB%8F%84%EA%B5%B0&geo=KR&hl=en-US"
"국민일보","5K+","July 29, 2026 at 5:20:00 PM UTC+9","July 30, 2026 at 8:10:00 AM UTC+9","국민일보","https://trends.google.com/trends/explore?q=%EA%B5%AD%EB%AF%BC%EC%9D%BC%EB%B3%B4&geo=KR&hl=en-US"
"손 나은","2K+","July 30, 2026 at 1:40:00 PM UTC+9","July 31, 2026 at 9:10:00 AM UTC+9","손 나은,손나은","https://trends.google.com/trends/explore?q=%EC%86%90%20%EB%82%98%EC%9D%80&geo=KR&hl=en-US"
"포스코","2K+","August 1, 2026 at 7:00:00 AM UTC+9","August 1, 2026 at 8:10:00 PM UTC+9","포스코,포스코홀딩스","https://trends.google.com/trends/explore?q=%ED%8F%AC%EC%8A%A4%EC%BD%94&geo=KR&hl=en-US"
"공형진","500+","August 3, 2026 at 1:00:00 PM UTC+9","August 3, 2026 at 3:50:00 PM UTC+9","공형진","https://trends.google.com/trends/explore?q=%EA%B3%B5%ED%98%95%EC%A7%84&geo=KR&hl=en-US"
"미트윌란 대 베식타시","2K+","July 31, 2026 at 1:10:00 AM UTC+9","July 31, 2026 at 11:20:00 AM UTC+9","미트윌란 대 베식타시,오현규","https://trends.google.com/trends/explore?q=%EB%AF%B8%ED%8A%B8%EC%9C%8C%EB%9E%80%20%EB%8C%80%20%EB%B2%A0%EC%8B%9D%ED%83%80%EC%8B%9C&geo=KR&hl=en-US"
"태양광 발전","500+","August 3, 2026 at 6:30:00 AM UTC+9","August 3, 2026 at 9:20:00 AM UTC+9","태양광 발전","https://trends.google.com/trends/explore?q=%ED%83%9C%EC%96%91%EA%B4%91%20%EB%B0%9C%EC%A0%84&geo=KR&hl=en-US"
"주식시장","2K+","August 1, 2026 at 3:40:00 AM UTC+9","August 1, 2026 at 5:20:00 PM UTC+9","주식시장,사이드카,매수 사이드카,코스피 지수,데드캣,코스피 주가","https://trends.google.com/trends/explore?q=%EC%A3%BC%EC%8B%9D%EC%8B%9C%EC%9E%A5&geo=KR&hl=en-US"
"집","2K+","August 2, 2026 at 1:50:00 PM UTC+9","August 2, 2026 at 3:40:00 PM UTC+9","집","https://trends.google.com/trends/explore?q=%EC%A7%91&geo=KR&hl=en-US"
"지게차","2K+","July 30, 2026 at 12:10:00 PM UTC+9","July 31, 2026 at 12:20:00 PM UTC+9","지게차","https://trends.google.com/trends/explore?q=%EC%A7%80%EA%B2%8C%EC%B0%A8&geo=KR&hl=en-US"
"홍영기","2K+","July 30, 2026 at 5:20:00 PM UTC+9","July 31, 2026 at 10:40:00 AM UTC+9","홍영기","https://trends.google.com/trends/explore?q=%ED%99%8D%EC%98%81%EA%B8%B0&geo=KR&hl=en-US"
"선호투표제","2K+","July 31, 2026 at 6:00:00 AM UTC+9","July 31, 2026 at 2:50:00 PM UTC+9","선호투표제","https://trends.google.com/trends/explore?q=%EC%84%A0%ED%98%B8%ED%88%AC%ED%91%9C%EC%A0%9C&geo=KR&hl=en-US"
"가전제품","5K+","July 30, 2026 at 11:10:00 AM UTC+9","July 30, 2026 at 7:10:00 PM UTC+9","가전제품","https://trends.google.com/trends/explore?q=%EA%B0%80%EC%A0%84%EC%A0%9C%ED%92%88&geo=KR&hl=en-US"
"김대한","1K+","July 31, 2026 at 8:40:00 PM UTC+9","August 1, 2026 at 9:40:00 PM UTC+9","김대한,김원형","https://trends.google.com/trends/explore?q=%EA%B9%80%EB%8C%80%ED%95%9C&geo=KR&hl=en-US"
"파울루 벤투","2K+","August 3, 2026 at 6:40:00 AM UTC+9","August 3, 2026 at 8:10:00 AM UTC+9","파울루 벤투,대한민국 축구 국가대표팀,베네수엘라 축구 국가대표팀,베네수엘라","https://trends.google.com/trends/explore?q=%ED%8C%8C%EC%9A%B8%EB%A3%A8%20%EB%B2%A4%ED%88%AC&geo=KR&hl=en-US"
"황연주","2K+","July 29, 2026 at 12:10:00 PM UTC+9","July 30, 2026 at 8:40:00 AM UTC+9","황연주","https://trends.google.com/trends/explore?q=%ED%99%A9%EC%97%B0%EC%A3%BC&geo=KR&hl=en-US"
"아시아 여자 배구 선수권 대회","2K+","July 29, 2026 at 5:30:00 PM UTC+9","July 30, 2026 at 9:00:00 AM UTC+9","아시아 여자 배구 선수권 대회,남자 배구","https://trends.google.com/trends/explore?q=%EC%95%84%EC%8B%9C%EC%95%84%20%EC%97%AC%EC%9E%90%20%EB%B0%B0%EA%B5%AC%20%EC%84%A0%EC%88%98%EA%B6%8C%20%EB%8C%80%ED%9A%8C&geo=KR&hl=en-US"
"사극","1K+","August 1, 2026 at 2:00:00 AM UTC+9","August 1, 2026 at 12:40:00 PM UTC+9","사극","https://trends.google.com/trends/explore?q=%EC%82%AC%EA%B7%B9&geo=KR&hl=en-US"
"아버지","10K+","July 28, 2026 at 12:40:00 PM UTC+9","July 28, 2026 at 6:40:00 PM UTC+9","아버지","https://trends.google.com/trends/explore?q=%EC%95%84%EB%B2%84%EC%A7%80&geo=KR&hl=en-US"
"카라스코","2K+","August 1, 2026 at 6:00:00 PM UTC+9","August 1, 2026 at 10:20:00 PM UTC+9","카라스코,엘지트윈스,두산","https://trends.google.com/trends/explore?q=%EC%B9%B4%EB%9D%BC%EC%8A%A4%EC%BD%94&geo=KR&hl=en-US"
"대한민국 해군","500+","August 2, 2026 at 6:00:00 PM UTC+9","August 3, 2026 at 8:20:00 AM UTC+9","대한민국 해군,육사,해군사관학교","https://trends.google.com/trends/explore?q=%EB%8C%80%ED%95%9C%EB%AF%BC%EA%B5%AD%20%ED%95%B4%EA%B5%B0&geo=KR&hl=en-US"
"야구여왕","5K+","July 28, 2026 at 6:40:00 PM UTC+9","July 29, 2026 at 9:20:00 AM UTC+9","야구여왕","https://trends.google.com/trends/explore?q=%EC%95%BC%EA%B5%AC%EC%97%AC%EC%99%95&geo=KR&hl=en-US"
"보행자","1K+","July 31, 2026 at 3:50:00 PM UTC+9","August 1, 2026 at 8:50:00 PM UTC+9","보행자","https://trends.google.com/trends/explore?q=%EB%B3%B4%ED%96%89%EC%9E%90&geo=KR&hl=en-US"
"야마모토 요시노부","2K+","July 29, 2026 at 5:50:00 PM UTC+9","July 30, 2026 at 9:20:00 AM UTC+9","야마모토 요시노부","https://trends.google.com/trends/explore?q=%EC%95%BC%EB%A7%88%EB%AA%A8%ED%86%A0%20%EC%9A%94%EC%8B%9C%EB%85%B8%EB%B6%80&geo=KR&hl=en-US"
"중대범죄수사청","2K+","July 30, 2026 at 9:30:00 AM UTC+9","July 30, 2026 at 6:00:00 PM UTC+9","중대범죄수사청","https://trends.google.com/trends/explore?q=%EC%A4%91%EB%8C%80%EB%B2%94%EC%A3%84%EC%88%98%EC%82%AC%EC%B2%AD&geo=KR&hl=en-US"
"옷","2K+","July 30, 2026 at 6:50:00 AM UTC+9","July 30, 2026 at 2:40:00 PM UTC+9","옷","https://trends.google.com/trends/explore?q=%EC%98%B7&geo=KR&hl=en-US"
"레드벨벳","200+","August 3, 2026 at 6:30:00 PM UTC+9","August 4, 2026 at 7:50:00 AM UTC+9","레드벨벳","https://trends.google.com/trends/explore?q=%EB%A0%88%EB%93%9C%EB%B2%A8%EB%B2%B3&geo=KR&hl=en-US"
"장윤기","1K+","July 31, 2026 at 10:00:00 PM UTC+9","August 2, 2026 at 3:30:00 AM UTC+9","장윤기","https://trends.google.com/trends/explore?q=%EC%9E%A5%EC%9C%A4%EA%B8%B0&geo=KR&hl=en-US"
"진주남강유등축제","1K+","July 30, 2026 at 8:00:00 PM UTC+9","August 1, 2026 at 9:30:00 AM UTC+9","진주남강유등축제","https://trends.google.com/trends/explore?q=%EC%A7%84%EC%A3%BC%EB%82%A8%EA%B0%95%EC%9C%A0%EB%93%B1%EC%B6%95%EC%A0%9C&geo=KR&hl=en-US"
"애스턴 빌라 대 레알 소시에다드","2K+","July 29, 2026 at 3:40:00 AM UTC+9","July 29, 2026 at 2:40:00 PM UTC+9","애스턴 빌라 대 레알 소시에다드","https://trends.google.com/trends/explore?q=%EC%95%A0%EC%8A%A4%ED%84%B4%20%EB%B9%8C%EB%9D%BC%20%EB%8C%80%20%EB%A0%88%EC%95%8C%20%EC%86%8C%EC%8B%9C%EC%97%90%EB%8B%A4%EB%93%9C&geo=KR&hl=en-US"
"전북특별자치도지사","2K+","July 29, 2026 at 10:50:00 PM UTC+9","July 30, 2026 at 11:20:00 AM UTC+9","전북특별자치도지사","https://trends.google.com/trends/explore?q=%EC%A0%84%EB%B6%81%ED%8A%B9%EB%B3%84%EC%9E%90%EC%B9%98%EB%8F%84%EC%A7%80%EC%82%AC&geo=KR&hl=en-US"
"대한전선","2K+","July 30, 2026 at 8:40:00 PM UTC+9","July 31, 2026 at 6:30:00 PM UTC+9","대한전선","https://trends.google.com/trends/explore?q=%EB%8C%80%ED%95%9C%EC%A0%84%EC%84%A0&geo=KR&hl=en-US"
"콘 페리 투어","2K+","July 28, 2026 at 11:00:00 AM UTC+9","July 29, 2026 at 8:10:00 AM UTC+9","콘 페리 투어","https://trends.google.com/trends/explore?q=%EC%BD%98%20%ED%8E%98%EB%A6%AC%20%ED%88%AC%EC%96%B4&geo=KR&hl=en-US"
"하석진","500+","August 3, 2026 at 11:10:00 AM UTC+9","August 3, 2026 at 2:00:00 PM UTC+9","하석진","https://trends.google.com/trends/explore?q=%ED%95%98%EC%84%9D%EC%A7%84&geo=KR&hl=en-US"
"대통령","2K+","August 1, 2026 at 4:40:00 AM UTC+9","August 1, 2026 at 8:40:00 AM UTC+9","대통령","https://trends.google.com/trends/explore?q=%EB%8C%80%ED%86%B5%EB%A0%B9&geo=KR&hl=en-US"
"남보라","5K+","July 28, 2026 at 2:20:00 PM UTC+9","July 29, 2026 at 6:30:00 AM UTC+9","남보라","https://trends.google.com/trends/explore?q=%EB%82%A8%EB%B3%B4%EB%9D%BC&geo=KR&hl=en-US"
"지붕","2K+","July 30, 2026 at 4:30:00 PM UTC+9","July 31, 2026 at 8:20:00 AM UTC+9","지붕","https://trends.google.com/trends/explore?q=%EC%A7%80%EB%B6%95&geo=KR&hl=en-US"
"바가지요금","2K+","July 29, 2026 at 4:20:00 AM UTC+9","July 29, 2026 at 4:10:00 PM UTC+9","바가지요금","https://trends.google.com/trends/explore?q=%EB%B0%94%EA%B0%80%EC%A7%80%EC%9A%94%EA%B8%88&geo=KR&hl=en-US"
"스텔스 기술","2K+","July 30, 2026 at 6:50:00 AM UTC+9","July 30, 2026 at 8:30:00 PM UTC+9","스텔스 기술","https://trends.google.com/trends/explore?q=%EC%8A%A4%ED%85%94%EC%8A%A4%20%EA%B8%B0%EC%88%A0&geo=KR&hl=en-US"
"쿠키뉴스","5K+","July 28, 2026 at 11:20:00 AM UTC+9","July 28, 2026 at 8:20:00 PM UTC+9","쿠키뉴스","https://trends.google.com/trends/explore?q=%EC%BF%A0%ED%82%A4%EB%89%B4%EC%8A%A4&geo=KR&hl=en-US"
"파업","5K+","July 29, 2026 at 6:10:00 PM UTC+9","July 30, 2026 at 8:20:00 AM UTC+9","파업","https://trends.google.com/trends/explore?q=%ED%8C%8C%EC%97%85&geo=KR&hl=en-US"
"jyp엔터테인먼트","5K+","July 28, 2026 at 6:10:00 PM UTC+9","July 29, 2026 at 9:10:00 AM UTC+9","jyp엔터테인먼트,jyp 엔터테인먼트","https://trends.google.com/trends/explore?q=jyp%EC%97%94%ED%84%B0%ED%85%8C%EC%9D%B8%EB%A8%BC%ED%8A%B8&geo=KR&hl=en-US"
"볼보 ex30","2K+","July 29, 2026 at 4:10:00 PM UTC+9","July 30, 2026 at 10:40:00 AM UTC+9","볼보 ex30","https://trends.google.com/trends/explore?q=%EB%B3%BC%EB%B3%B4%20ex30&geo=KR&hl=en-US"
"ai 에이전트","2K+","July 29, 2026 at 2:10:00 PM UTC+9","July 30, 2026 at 1:20:00 PM UTC+9","ai 에이전트","https://trends.google.com/trends/explore?q=ai%20%EC%97%90%EC%9D%B4%EC%A0%84%ED%8A%B8&geo=KR&hl=en-US"
"박소현","2K+","August 2, 2026 at 10:10:00 PM UTC+9","August 3, 2026 at 12:00:00 AM UTC+9","박소현,예지원,신봉선","https://trends.google.com/trends/explore?q=%EB%B0%95%EC%86%8C%ED%98%84&geo=KR&hl=en-US"
"이동석","1K+","August 1, 2026 at 7:40:00 PM UTC+9","August 2, 2026 at 7:40:00 AM UTC+9","이동석","https://trends.google.com/trends/explore?q=%EC%9D%B4%EB%8F%99%EC%84%9D&geo=KR&hl=en-US"
"배드민턴 선수","1K+","July 31, 2026 at 6:20:00 AM UTC+9","August 1, 2026 at 10:50:00 AM UTC+9","배드민턴 선수","https://trends.google.com/trends/explore?q=%EB%B0%B0%EB%93%9C%EB%AF%BC%ED%84%B4%20%EC%84%A0%EC%88%98&geo=KR&hl=en-US"
"캠퍼스","2K+","July 30, 2026 at 2:30:00 PM UTC+9","July 31, 2026 at 10:50:00 AM UTC+9","캠퍼스","https://trends.google.com/trends/explore?q=%EC%BA%A0%ED%8D%BC%EC%8A%A4&geo=KR&hl=en-US"
"이청아","2K+","July 30, 2026 at 7:40:00 AM UTC+9","July 30, 2026 at 7:20:00 PM UTC+9","이청아","https://trends.google.com/trends/explore?q=%EC%9D%B4%EC%B2%AD%EC%95%84&geo=KR&hl=en-US"
"lck","5K+","July 31, 2026 at 5:40:00 PM UTC+9","July 31, 2026 at 11:10:00 PM UTC+9","lck","https://trends.google.com/trends/explore?q=lck&geo=KR&hl=en-US"
"양주시","2K+","July 29, 2026 at 4:30:00 PM UTC+9","July 30, 2026 at 8:50:00 AM UTC+9","양주시","https://trends.google.com/trends/explore?q=%EC%96%91%EC%A3%BC%EC%8B%9C&geo=KR&hl=en-US"
"thứ hạng của đội tuyển bóng đá quốc gia việt nam gặp đội tuyển bóng đá quốc gia singapore","2K+","August 1, 2026 at 12:40:00 AM UTC+9","August 1, 2026 at 8:40:00 AM UTC+9","thứ hạng của đội tuyển bóng đá quốc gia việt nam gặp đội tuyển bóng đá quốc gia singapore,việt nam đấu với singapore,trực tiếp bóng đá hôm nay","https://trends.google.com/trends/explore?q=th%E1%BB%A9%20h%E1%BA%A1ng%20c%E1%BB%A7a%20%C4%91%E1%BB%99i%20tuy%E1%BB%83n%20b%C3%B3ng%20%C4%91%C3%A1%20qu%E1%BB%91c%20gia%20vi%E1%BB%87t%20nam%20g%E1%BA%B7p%20%C4%91%E1%BB%99i%20tuy%E1%BB%83n%20b%C3%B3ng%20%C4%91%C3%A1%20qu%E1%BB%91c%20gia%20singapore&geo=KR&hl=en-US"
"골 때리는 그녀들","2K+","July 28, 2026 at 9:40:00 PM UTC+9","July 29, 2026 at 7:20:00 PM UTC+9","골 때리는 그녀들","https://trends.google.com/trends/explore?q=%EA%B3%A8%20%EB%95%8C%EB%A6%AC%EB%8A%94%20%EA%B7%B8%EB%85%80%EB%93%A4&geo=KR&hl=en-US"
"연예인","2K+","July 31, 2026 at 5:50:00 PM UTC+9","August 1, 2026 at 6:40:00 AM UTC+9","연예인","https://trends.google.com/trends/explore?q=%EC%97%B0%EC%98%88%EC%9D%B8&geo=KR&hl=en-US"
"노동","2K+","July 31, 2026 at 11:00:00 AM UTC+9","July 31, 2026 at 6:40:00 PM UTC+9","노동,노동 시간","https://trends.google.com/trends/explore?q=%EB%85%B8%EB%8F%99&geo=KR&hl=en-US"
"음료","2K+","July 30, 2026 at 8:50:00 PM UTC+9","July 31, 2026 at 10:00:00 AM UTC+9","음료","https://trends.google.com/trends/explore?q=%EC%9D%8C%EB%A3%8C&geo=KR&hl=en-US"
"수의사","5K+","July 29, 2026 at 7:40:00 PM UTC+9","July 30, 2026 at 9:20:00 AM UTC+9","수의사,고양이","https://trends.google.com/trends/explore?q=%EC%88%98%EC%9D%98%EC%82%AC&geo=KR&hl=en-US"
"애플","5K+","July 29, 2026 at 2:10:00 PM UTC+9","July 29, 2026 at 8:10:00 PM UTC+9","애플","https://trends.google.com/trends/explore?q=%EC%95%A0%ED%94%8C&geo=KR&hl=en-US"
"맨유","2K+","August 1, 2026 at 10:10:00 PM UTC+9","August 2, 2026 at 1:00:00 AM UTC+9","맨유,맨유 아틀레티코,맨유 대 아틀레티코","https://trends.google.com/trends/explore?q=%EB%A7%A8%EC%9C%A0&geo=KR&hl=en-US"
"짐쌀라비움","500+","August 1, 2026 at 9:00:00 PM UTC+9","August 2, 2026 at 8:30:00 PM UTC+9","짐쌀라비움","https://trends.google.com/trends/explore?q=%EC%A7%90%EC%8C%80%EB%9D%BC%EB%B9%84%EC%9B%80&geo=KR&hl=en-US"
"강미정","2K+","July 28, 2026 at 1:00:00 PM UTC+9","July 29, 2026 at 9:30:00 AM UTC+9","강미정","https://trends.google.com/trends/explore?q=%EA%B0%95%EB%AF%B8%EC%A0%95&geo=KR&hl=en-US"
"노소영","2K+","August 1, 2026 at 5:40:00 AM UTC+9","August 1, 2026 at 8:10:00 AM UTC+9","노소영","https://trends.google.com/trends/explore?q=%EB%85%B8%EC%86%8C%EC%98%81&geo=KR&hl=en-US"
"아중저수지","1K+","August 1, 2026 at 4:30:00 PM UTC+9","August 1, 2026 at 9:20:00 PM UTC+9","아중저수지","https://trends.google.com/trends/explore?q=%EC%95%84%EC%A4%91%EC%A0%80%EC%88%98%EC%A7%80&geo=KR&hl=en-US"
"서울강남경찰서","2K+","July 29, 2026 at 1:10:00 PM UTC+9","July 30, 2026 at 8:30:00 AM UTC+9","서울강남경찰서","https://trends.google.com/trends/explore?q=%EC%84%9C%EC%9A%B8%EA%B0%95%EB%82%A8%EA%B2%BD%EC%B0%B0%EC%84%9C&geo=KR&hl=en-US"
"치안감","1K+","August 1, 2026 at 3:00:00 PM UTC+9","August 2, 2026 at 10:10:00 AM UTC+9","치안감","https://trends.google.com/trends/explore?q=%EC%B9%98%EC%95%88%EA%B0%90&geo=KR&hl=en-US"
"데이터 센터","500+","August 2, 2026 at 10:00:00 PM UTC+9","August 3, 2026 at 8:50:00 AM UTC+9","데이터 센터","https://trends.google.com/trends/explore?q=%EB%8D%B0%EC%9D%B4%ED%84%B0%20%EC%84%BC%ED%84%B0&geo=KR&hl=en-US"
"건설 회사","500+","August 3, 2026 at 5:40:00 AM UTC+9","August 3, 2026 at 9:10:00 AM UTC+9","건설 회사,삼성물산,건설업","https://trends.google.com/trends/explore?q=%EA%B1%B4%EC%84%A4%20%ED%9A%8C%EC%82%AC&geo=KR&hl=en-US"
"뉴데일리","500+","August 3, 2026 at 11:40:00 AM UTC+9","August 3, 2026 at 1:30:00 PM UTC+9","뉴데일리","https://trends.google.com/trends/explore?q=%EB%89%B4%EB%8D%B0%EC%9D%BC%EB%A6%AC&geo=KR&hl=en-US"
"시바이누코인","500+","August 1, 2026 at 9:30:00 PM UTC+9","August 2, 2026 at 4:20:00 PM UTC+9","시바이누코인","https://trends.google.com/trends/explore?q=%EC%8B%9C%EB%B0%94%EC%9D%B4%EB%88%84%EC%BD%94%EC%9D%B8&geo=KR&hl=en-US"
"하주석","2K+","August 1, 2026 at 8:50:00 AM UTC+9","August 1, 2026 at 11:00:00 AM UTC+9","하주석,김범수","https://trends.google.com/trends/explore?q=%ED%95%98%EC%A3%BC%EC%84%9D&geo=KR&hl=en-US"
"복지","1K+","July 30, 2026 at 11:10:00 AM UTC+9","July 31, 2026 at 2:40:00 PM UTC+9","복지","https://trends.google.com/trends/explore?q=%EB%B3%B5%EC%A7%80&geo=KR&hl=en-US"
"소방서","2K+","July 31, 2026 at 3:40:00 PM UTC+9","July 31, 2026 at 9:00:00 PM UTC+9","소방서,주차","https://trends.google.com/trends/explore?q=%EC%86%8C%EB%B0%A9%EC%84%9C&geo=KR&hl=en-US"
"송지효","500+","August 1, 2026 at 1:40:00 PM UTC+9","August 2, 2026 at 9:40:00 AM UTC+9","송지효","https://trends.google.com/trends/explore?q=%EC%86%A1%EC%A7%80%ED%9A%A8&geo=KR&hl=en-US"
"김용범","5K+","July 29, 2026 at 11:00:00 AM UTC+9","July 29, 2026 at 4:50:00 PM UTC+9","김용범,이억원,개혁신당","https://trends.google.com/trends/explore?q=%EA%B9%80%EC%9A%A9%EB%B2%94&geo=KR&hl=en-US"
"허 경민","2K+","July 30, 2026 at 5:50:00 AM UTC+9","July 30, 2026 at 1:20:00 PM UTC+9","허 경민,허경민","https://trends.google.com/trends/explore?q=%ED%97%88%20%EA%B2%BD%EB%AF%BC&geo=KR&hl=en-US"
"이승영","1K+","July 31, 2026 at 8:00:00 PM UTC+9","August 1, 2026 at 11:30:00 PM UTC+9","이승영","https://trends.google.com/trends/explore?q=%EC%9D%B4%EC%8A%B9%EC%98%81&geo=KR&hl=en-US"
"간호사","2K+","July 28, 2026 at 6:10:00 PM UTC+9","July 29, 2026 at 8:30:00 AM UTC+9","간호사","https://trends.google.com/trends/explore?q=%EA%B0%84%ED%98%B8%EC%82%AC&geo=KR&hl=en-US"
"진기주","500+","August 3, 2026 at 7:30:00 AM UTC+9","August 3, 2026 at 10:00:00 AM UTC+9","진기주","https://trends.google.com/trends/explore?q=%EC%A7%84%EA%B8%B0%EC%A3%BC&geo=KR&hl=en-US"
"오픈ai","500+","August 1, 2026 at 1:00:00 PM UTC+9","August 2, 2026 at 10:50:00 AM UTC+9","오픈ai","https://trends.google.com/trends/explore?q=%EC%98%A4%ED%94%88ai&geo=KR&hl=en-US"
"해군","500+","August 2, 2026 at 5:00:00 PM UTC+9","August 2, 2026 at 9:00:00 PM UTC+9","해군","https://trends.google.com/trends/explore?q=%ED%95%B4%EA%B5%B0&geo=KR&hl=en-US"
"하이닉스 하한가","2K+","July 28, 2026 at 12:10:00 PM UTC+9","July 28, 2026 at 11:40:00 PM UTC+9","하이닉스 하한가,하한가","https://trends.google.com/trends/explore?q=%ED%95%98%EC%9D%B4%EB%8B%89%EC%8A%A4%20%ED%95%98%ED%95%9C%EA%B0%80&geo=KR&hl=en-US"
"김경문","2K+","July 29, 2026 at 6:10:00 AM UTC+9","July 29, 2026 at 5:10:00 PM UTC+9","김경문,이도윤","https://trends.google.com/trends/explore?q=%EA%B9%80%EA%B2%BD%EB%AC%B8&geo=KR&hl=en-US"
"상용차","1K+","July 31, 2026 at 2:20:00 PM UTC+9","August 1, 2026 at 10:10:00 AM UTC+9","상용차","https://trends.google.com/trends/explore?q=%EC%83%81%EC%9A%A9%EC%B0%A8&geo=KR&hl=en-US"
"첼시","2K+","August 1, 2026 at 6:20:00 PM UTC+9","August 1, 2026 at 9:50:00 PM UTC+9","첼시,웰백","https://trends.google.com/trends/explore?q=%EC%B2%BC%EC%8B%9C&geo=KR&hl=en-US"
"흥국생명","2K+","July 30, 2026 at 5:50:00 AM UTC+9","July 30, 2026 at 7:30:00 PM UTC+9","흥국생명,고민지","https://trends.google.com/trends/explore?q=%ED%9D%A5%EA%B5%AD%EC%83%9D%EB%AA%85&geo=KR&hl=en-US"
"표식","500+","August 2, 2026 at 5:40:00 PM UTC+9","August 2, 2026 at 9:00:00 PM UTC+9","표식","https://trends.google.com/trends/explore?q=%ED%91%9C%EC%8B%9D&geo=KR&hl=en-US"
"나는 솔로 32 기","1K+","July 30, 2026 at 4:40:00 PM UTC+9","July 31, 2026 at 9:30:00 AM UTC+9","나는 솔로 32 기,옥순이","https://trends.google.com/trends/explore?q=%EB%82%98%EB%8A%94%20%EC%86%94%EB%A1%9C%2032%20%EA%B8%B0&geo=KR&hl=en-US"
"가자지구","200+","August 3, 2026 at 5:30:00 AM UTC+9","August 3, 2026 at 10:00:00 AM UTC+9","가자지구","https://trends.google.com/trends/explore?q=%EA%B0%80%EC%9E%90%EC%A7%80%EA%B5%AC&geo=KR&hl=en-US"
"항공기","500+","August 1, 2026 at 7:30:00 PM UTC+9","August 2, 2026 at 12:40:00 PM UTC+9","항공기,나스카","https://trends.google.com/trends/explore?q=%ED%95%AD%EA%B3%B5%EA%B8%B0&geo=KR&hl=en-US"
"광주공항","2K+","July 28, 2026 at 6:20:00 PM UTC+9","July 30, 2026 at 7:30:00 AM UTC+9","광주공항","https://trends.google.com/trends/explore?q=%EA%B4%91%EC%A3%BC%EA%B3%B5%ED%95%AD&geo=KR&hl=en-US"
"유학생","500+","August 3, 2026 at 6:10:00 AM UTC+9","August 3, 2026 at 8:00:00 AM UTC+9","유학생","https://trends.google.com/trends/explore?q=%EC%9C%A0%ED%95%99%EC%83%9D&geo=KR&hl=en-US"
"김한나","2K+","July 28, 2026 at 3:30:00 PM UTC+9","July 29, 2026 at 10:50:00 AM UTC+9","김한나","https://trends.google.com/trends/explore?q=%EA%B9%80%ED%95%9C%EB%82%98&geo=KR&hl=en-US"
"맨시티","1K+","August 1, 2026 at 7:40:00 PM UTC+9","August 2, 2026 at 12:50:00 AM UTC+9","맨시티","https://trends.google.com/trends/explore?q=%EB%A7%A8%EC%8B%9C%ED%8B%B0&geo=KR&hl=en-US"
"김지찬","2K+","July 29, 2026 at 10:00:00 AM UTC+9","July 29, 2026 at 8:40:00 PM UTC+9","김지찬","https://trends.google.com/trends/explore?q=%EA%B9%80%EC%A7%80%EC%B0%AC&geo=KR&hl=en-US"
"마이클 버리","1K+","August 1, 2026 at 5:30:00 AM UTC+9","August 1, 2026 at 2:00:00 PM UTC+9","마이클 버리","https://trends.google.com/trends/explore?q=%EB%A7%88%EC%9D%B4%ED%81%B4%20%EB%B2%84%EB%A6%AC&geo=KR&hl=en-US"
"싸이","1K+","August 1, 2026 at 7:50:00 AM UTC+9","August 1, 2026 at 1:30:00 PM UTC+9","싸이","https://trends.google.com/trends/explore?q=%EC%8B%B8%EC%9D%B4&geo=KR&hl=en-US"
"김수미","1K+","July 31, 2026 at 1:50:00 AM UTC+9","July 31, 2026 at 3:50:00 PM UTC+9","김수미","https://trends.google.com/trends/explore?q=%EA%B9%80%EC%88%98%EB%AF%B8&geo=KR&hl=en-US"
"bmw x3","500+","August 1, 2026 at 2:10:00 PM UTC+9","August 2, 2026 at 9:30:00 AM UTC+9","bmw x3","https://trends.google.com/trends/explore?q=bmw%20x3&geo=KR&hl=en-US"
"조현아","1K+","August 2, 2026 at 9:20:00 PM UTC+9","August 2, 2026 at 11:10:00 PM UTC+9","조현아","https://trends.google.com/trends/explore?q=%EC%A1%B0%ED%98%84%EC%95%84&geo=KR&hl=en-US"
"암표","200+","August 3, 2026 at 7:10:00 PM UTC+9","August 4, 2026 at 6:50:00 AM UTC+9","암표","https://trends.google.com/trends/explore?q=%EC%95%94%ED%91%9C&geo=KR&hl=en-US"
"리버풀","200+","August 3, 2026 at 5:30:00 AM UTC+9","August 3, 2026 at 9:00:00 AM UTC+9","리버풀","https://trends.google.com/trends/explore?q=%EB%A6%AC%EB%B2%84%ED%92%80&geo=KR&hl=en-US"
"전소영","500+","July 31, 2026 at 9:10:00 PM UTC+9","August 1, 2026 at 3:40:00 PM UTC+9","전소영","https://trends.google.com/trends/explore?q=%EC%A0%84%EC%86%8C%EC%98%81&geo=KR&hl=en-US"
"lck","1K+","August 2, 2026 at 10:50:00 PM UTC+9","August 3, 2026 at 12:10:00 AM UTC+9","lck","https://trends.google.com/trends/explore?q=lck&geo=KR&hl=en-US"
"t 멤버십","1K+","July 30, 2026 at 2:50:00 PM UTC+9","July 31, 2026 at 10:00:00 AM UTC+9","t 멤버십","https://trends.google.com/trends/explore?q=t%20%EB%A9%A4%EB%B2%84%EC%8B%AD&geo=KR&hl=en-US"
"요시다 슈헤이","1K+","July 29, 2026 at 12:40:00 AM UTC+9","July 29, 2026 at 7:40:00 PM UTC+9","요시다 슈헤이","https://trends.google.com/trends/explore?q=%EC%9A%94%EC%8B%9C%EB%8B%A4%20%EC%8A%88%ED%97%A4%EC%9D%B4&geo=KR&hl=en-US"
"f-35b","1K+","August 1, 2026 at 1:10:00 PM UTC+9","August 1, 2026 at 7:00:00 PM UTC+9","f-35b,록히드 마틴 f-35 라이트닝 ii","https://trends.google.com/trends/explore?q=f-35b&geo=KR&hl=en-US"
"네이처셀","1K+","July 31, 2026 at 12:00:00 PM UTC+9","August 1, 2026 at 8:00:00 AM UTC+9","네이처셀","https://trends.google.com/trends/explore?q=%EB%84%A4%EC%9D%B4%EC%B2%98%EC%85%80&geo=KR&hl=en-US"
"삼성전자 주가","5K+","July 31, 2026 at 9:20:00 AM UTC+9","July 31, 2026 at 5:00:00 PM UTC+9","삼성전자 주가,삼성전자 주식","https://trends.google.com/trends/explore?q=%EC%82%BC%EC%84%B1%EC%A0%84%EC%9E%90%20%EC%A3%BC%EA%B0%80&geo=KR&hl=en-US"
"한의사","2K+","July 30, 2026 at 5:30:00 PM UTC+9","July 31, 2026 at 8:50:00 AM UTC+9","한의사,이주영 의원","https://trends.google.com/trends/explore?q=%ED%95%9C%EC%9D%98%EC%82%AC&geo=KR&hl=en-US"
"뉴스 속보","500+","August 3, 2026 at 3:30:00 PM UTC+9","August 3, 2026 at 4:20:00 PM UTC+9","뉴스 속보","https://trends.google.com/trends/explore?q=%EB%89%B4%EC%8A%A4%20%EC%86%8D%EB%B3%B4&geo=KR&hl=en-US"
"투표","1K+","July 31, 2026 at 4:10:00 AM UTC+9","July 31, 2026 at 10:20:00 AM UTC+9","투표","https://trends.google.com/trends/explore?q=%ED%88%AC%ED%91%9C&geo=KR&hl=en-US"
"우선주","500+","August 1, 2026 at 7:00:00 PM UTC+9","August 2, 2026 at 9:30:00 AM UTC+9","우선주","https://trends.google.com/trends/explore?q=%EC%9A%B0%EC%84%A0%EC%A3%BC&geo=KR&hl=en-US"
"ตรวจหวย","1K+","August 1, 2026 at 5:50:00 PM UTC+9","August 1, 2026 at 10:30:00 PM UTC+9","ตรวจหวย,หวย,สลากกินแบ่งรัฐบาล","https://trends.google.com/trends/explore?q=%E0%B8%95%E0%B8%A3%E0%B8%A7%E0%B8%88%E0%B8%AB%E0%B8%A7%E0%B8%A2&geo=KR&hl=en-US"
"포모","1K+","July 31, 2026 at 12:40:00 PM UTC+9","August 1, 2026 at 6:10:00 AM UTC+9","포모","https://trends.google.com/trends/explore?q=%ED%8F%AC%EB%AA%A8&geo=KR&hl=en-US"
"속초시","2K+","July 28, 2026 at 5:10:00 PM UTC+9","July 29, 2026 at 7:50:00 AM UTC+9","속초시","https://trends.google.com/trends/explore?q=%EC%86%8D%EC%B4%88%EC%8B%9C&geo=KR&hl=en-US"
"스마트 폰","1K+","July 31, 2026 at 6:10:00 AM UTC+9","August 1, 2026 at 8:40:00 AM UTC+9","스마트 폰","https://trends.google.com/trends/explore?q=%EC%8A%A4%EB%A7%88%ED%8A%B8%20%ED%8F%B0&geo=KR&hl=en-US"
"005930","5K+","July 31, 2026 at 4:40:00 PM UTC+9","July 31, 2026 at 6:20:00 PM UTC+9","005930","https://trends.google.com/trends/explore?q=005930&geo=KR&hl=en-US"
"애플 주가","1K+","July 31, 2026 at 5:40:00 AM UTC+9","August 1, 2026 at 8:20:00 AM UTC+9","애플 주가,엔비디아 주가,애플 실적발표","https://trends.google.com/trends/explore?q=%EC%95%A0%ED%94%8C%20%EC%A3%BC%EA%B0%80&geo=KR&hl=en-US"
"남궁민","2K+","July 29, 2026 at 3:20:00 PM UTC+9","July 29, 2026 at 10:30:00 PM UTC+9","남궁민","https://trends.google.com/trends/explore?q=%EB%82%A8%EA%B6%81%EB%AF%BC&geo=KR&hl=en-US"
"네드","500+","August 1, 2026 at 12:00:00 AM UTC+9","August 3, 2026 at 1:50:00 AM UTC+9","네드","https://trends.google.com/trends/explore?q=%EB%84%A4%EB%93%9C&geo=KR&hl=en-US"
"은중과 상연","1K+","July 31, 2026 at 11:00:00 PM UTC+9","August 1, 2026 at 2:10:00 PM UTC+9","은중과 상연,이상이,청룡,청룡어워즈","https://trends.google.com/trends/explore?q=%EC%9D%80%EC%A4%91%EA%B3%BC%20%EC%83%81%EC%97%B0&geo=KR&hl=en-US"
"암벽등반","1K+","July 29, 2026 at 12:50:00 PM UTC+9","July 30, 2026 at 9:20:00 AM UTC+9","암벽등반","https://trends.google.com/trends/explore?q=%EC%95%94%EB%B2%BD%EB%93%B1%EB%B0%98&geo=KR&hl=en-US"
"윤미라","2K+","July 29, 2026 at 11:20:00 PM UTC+9","July 30, 2026 at 11:00:00 PM UTC+9","윤미라","https://trends.google.com/trends/explore?q=%EC%9C%A4%EB%AF%B8%EB%9D%BC&geo=KR&hl=en-US"
"치킨","2K+","July 30, 2026 at 4:00:00 PM UTC+9","July 31, 2026 at 12:00:00 AM UTC+9","치킨","https://trends.google.com/trends/explore?q=%EC%B9%98%ED%82%A8&geo=KR&hl=en-US"
"대전광역시","1K+","July 30, 2026 at 6:30:00 PM UTC+9","August 1, 2026 at 9:40:00 AM UTC+9","대전광역시","https://trends.google.com/trends/explore?q=%EB%8C%80%EC%A0%84%EA%B4%91%EC%97%AD%EC%8B%9C&geo=KR&hl=en-US"
"여성 건강","2K+","July 29, 2026 at 7:00:00 PM UTC+9","July 30, 2026 at 12:50:00 PM UTC+9","여성 건강","https://trends.google.com/trends/explore?q=%EC%97%AC%EC%84%B1%20%EA%B1%B4%EA%B0%95&geo=KR&hl=en-US"
"해고","1K+","August 1, 2026 at 3:00:00 PM UTC+9","August 1, 2026 at 7:10:00 PM UTC+9","해고","https://trends.google.com/trends/explore?q=%ED%95%B4%EA%B3%A0&geo=KR&hl=en-US"
"단발","500+","August 1, 2026 at 7:00:00 PM UTC+9","August 2, 2026 at 10:00:00 AM UTC+9","단발","https://trends.google.com/trends/explore?q=%EB%8B%A8%EB%B0%9C&geo=KR&hl=en-US"
"전국노래자랑","500+","August 3, 2026 at 5:30:00 AM UTC+9","August 3, 2026 at 8:30:00 AM UTC+9","전국노래자랑,지원이","https://trends.google.com/trends/explore?q=%EC%A0%84%EA%B5%AD%EB%85%B8%EB%9E%98%EC%9E%90%EB%9E%91&geo=KR&hl=en-US"
"熊本地震","2K+","July 28, 2026 at 4:40:00 PM UTC+9","July 29, 2026 at 1:20:00 PM UTC+9","熊本地震,地震","https://trends.google.com/trends/explore?q=%E7%86%8A%E6%9C%AC%E5%9C%B0%E9%9C%87&geo=KR&hl=en-US"
"르노 콜레오 스","2K+","July 29, 2026 at 4:10:00 PM UTC+9","July 30, 2026 at 9:50:00 AM UTC+9","르노 콜레오 스,르노 콜레오스,르노","https://trends.google.com/trends/explore?q=%EB%A5%B4%EB%85%B8%20%EC%BD%9C%EB%A0%88%EC%98%A4%20%EC%8A%A4&geo=KR&hl=en-US"
"형사","500+","August 1, 2026 at 7:30:00 PM UTC+9","August 2, 2026 at 7:40:00 AM UTC+9","형사","https://trends.google.com/trends/explore?q=%ED%98%95%EC%82%AC&geo=KR&hl=en-US"
"기아","2K+","July 31, 2026 at 2:40:00 PM UTC+9","July 31, 2026 at 5:10:00 PM UTC+9","기아","https://trends.google.com/trends/explore?q=%EA%B8%B0%EC%95%84&geo=KR&hl=en-US"
"체포","1K+","July 31, 2026 at 12:00:00 PM UTC+9","July 31, 2026 at 4:10:00 PM UTC+9","체포","https://trends.google.com/trends/explore?q=%EC%B2%B4%ED%8F%AC&geo=KR&hl=en-US"
"전기 자동차","2K+","July 31, 2026 at 5:40:00 AM UTC+9","July 31, 2026 at 9:00:00 AM UTC+9","전기 자동차","https://trends.google.com/trends/explore?q=%EC%A0%84%EA%B8%B0%20%EC%9E%90%EB%8F%99%EC%B0%A8&geo=KR&hl=en-US"
"양정아","500+","August 2, 2026 at 10:10:00 PM UTC+9","August 2, 2026 at 11:50:00 PM UTC+9","양정아","https://trends.google.com/trends/explore?q=%EC%96%91%EC%A0%95%EC%95%84&geo=KR&hl=en-US"
"군대","2K+","July 29, 2026 at 1:00:00 PM UTC+9","July 29, 2026 at 7:00:00 PM UTC+9","군대","https://trends.google.com/trends/explore?q=%EA%B5%B0%EB%8C%80&geo=KR&hl=en-US"
"걸 그룹","2K+","July 28, 2026 at 6:00:00 PM UTC+9","July 29, 2026 at 4:30:00 PM UTC+9","걸 그룹","https://trends.google.com/trends/explore?q=%EA%B1%B8%20%EA%B7%B8%EB%A3%B9&geo=KR&hl=en-US"
"국민성장펀드","200+","August 3, 2026 at 5:00:00 PM UTC+9","August 3, 2026 at 6:30:00 PM UTC+9","국민성장펀드","https://trends.google.com/trends/explore?q=%EA%B5%AD%EB%AF%BC%EC%84%B1%EC%9E%A5%ED%8E%80%EB%93%9C&geo=KR&hl=en-US"
"제주항공","500+","August 3, 2026 at 11:00:00 AM UTC+9","August 3, 2026 at 12:40:00 PM UTC+9","제주항공","https://trends.google.com/trends/explore?q=%EC%A0%9C%EC%A3%BC%ED%95%AD%EA%B3%B5&geo=KR&hl=en-US"
"제주 sk fc","500+","August 4, 2026 at 1:50:00 AM UTC+9","August 4, 2026 at 7:00:00 AM UTC+9","제주 sk fc,김민재","https://trends.google.com/trends/explore?q=%EC%A0%9C%EC%A3%BC%20sk%20fc&geo=KR&hl=en-US"
"when is daylight saving time","1K+","July 30, 2026 at 1:40:00 AM UTC+9","July 30, 2026 at 6:50:00 PM UTC+9","when is daylight saving time","https://trends.google.com/trends/explore?q=when%20is%20daylight%20saving%20time&geo=KR&hl=en-US"
"농성","2K+","July 30, 2026 at 4:30:00 AM UTC+9","July 30, 2026 at 9:50:00 AM UTC+9","농성","https://trends.google.com/trends/explore?q=%EB%86%8D%EC%84%B1&geo=KR&hl=en-US"
"박맹우","1K+","July 30, 2026 at 7:50:00 PM UTC+9","July 31, 2026 at 8:10:00 AM UTC+9","박맹우","https://trends.google.com/trends/explore?q=%EB%B0%95%EB%A7%B9%EC%9A%B0&geo=KR&hl=en-US"
"아파트","5K+","July 31, 2026 at 6:20:00 AM UTC+9","July 31, 2026 at 8:20:00 AM UTC+9","아파트","https://trends.google.com/trends/explore?q=%EC%95%84%ED%8C%8C%ED%8A%B8&geo=KR&hl=en-US"
"엘지생활건강","1K+","July 30, 2026 at 8:40:00 PM UTC+9","July 31, 2026 at 10:10:00 AM UTC+9","엘지생활건강","https://trends.google.com/trends/explore?q=%EC%97%98%EC%A7%80%EC%83%9D%ED%99%9C%EA%B1%B4%EA%B0%95&geo=KR&hl=en-US"
"오디세이 (영화)","1K+","July 30, 2026 at 5:20:00 PM UTC+9","July 31, 2026 at 10:30:00 AM UTC+9","오디세이 (영화)","https://trends.google.com/trends/explore?q=%EC%98%A4%EB%94%94%EC%84%B8%EC%9D%B4%20%28%EC%98%81%ED%99%94%29&geo=KR&hl=en-US"
"이예림","1K+","July 28, 2026 at 1:10:00 PM UTC+9","July 29, 2026 at 8:40:00 AM UTC+9","이예림","https://trends.google.com/trends/explore?q=%EC%9D%B4%EC%98%88%EB%A6%BC&geo=KR&hl=en-US"
"원자력","2K+","July 29, 2026 at 9:50:00 PM UTC+9","July 30, 2026 at 9:40:00 AM UTC+9","원자력","https://trends.google.com/trends/explore?q=%EC%9B%90%EC%9E%90%EB%A0%A5&geo=KR&hl=en-US"
"노시환","2K+","July 28, 2026 at 12:40:00 PM UTC+9","July 28, 2026 at 10:50:00 PM UTC+9","노시환","https://trends.google.com/trends/explore?q=%EB%85%B8%EC%8B%9C%ED%99%98&geo=KR&hl=en-US"
"모태솔로지만 연애는 하고싶어 시즌2","2K+","July 28, 2026 at 4:20:00 PM UTC+9","July 29, 2026 at 7:40:00 AM UTC+9","모태솔로지만 연애는 하고싶어 시즌2,모태솔로지만 연애는 하고싶어 2,모솔연애2,모솔연애2 현커","https://trends.google.com/trends/explore?q=%EB%AA%A8%ED%83%9C%EC%86%94%EB%A1%9C%EC%A7%80%EB%A7%8C%20%EC%97%B0%EC%95%A0%EB%8A%94%20%ED%95%98%EA%B3%A0%EC%8B%B6%EC%96%B4%20%EC%8B%9C%EC%A6%8C2&geo=KR&hl=en-US"
"복숭아","500+","August 2, 2026 at 7:20:00 PM UTC+9","August 2, 2026 at 10:40:00 PM UTC+9","복숭아","https://trends.google.com/trends/explore?q=%EB%B3%B5%EC%88%AD%EC%95%84&geo=KR&hl=en-US"
"기아 셀토스","1K+","July 29, 2026 at 12:40:00 AM UTC+9","July 29, 2026 at 12:40:00 PM UTC+9","기아 셀토스","https://trends.google.com/trends/explore?q=%EA%B8%B0%EC%95%84%20%EC%85%80%ED%86%A0%EC%8A%A4&geo=KR&hl=en-US"
"암호화폐","1K+","July 31, 2026 at 6:00:00 PM UTC+9","July 31, 2026 at 9:10:00 PM UTC+9","암호화폐","https://trends.google.com/trends/explore?q=%EC%95%94%ED%98%B8%ED%99%94%ED%8F%90&geo=KR&hl=en-US"
"food festivals near me","1K+","July 30, 2026 at 1:50:00 AM UTC+9","July 30, 2026 at 6:30:00 PM UTC+9","food festivals near me","https://trends.google.com/trends/explore?q=food%20festivals%20near%20me&geo=KR&hl=en-US"
"windy","200+","August 3, 2026 at 11:50:00 AM UTC+9","August 3, 2026 at 2:20:00 PM UTC+9","windy","https://trends.google.com/trends/explore?q=windy&geo=KR&hl=en-US"
"현대건설","1K+","July 31, 2026 at 7:10:00 PM UTC+9","August 1, 2026 at 8:20:00 AM UTC+9","현대건설,건설","https://trends.google.com/trends/explore?q=%ED%98%84%EB%8C%80%EA%B1%B4%EC%84%A4&geo=KR&hl=en-US"
"stock market news today","1K+","July 30, 2026 at 2:40:00 AM UTC+9","July 30, 2026 at 6:50:00 PM UTC+9","stock market news today","https://trends.google.com/trends/explore?q=stock%20market%20news%20today&geo=KR&hl=en-US"
"장 한별","2K+","July 30, 2026 at 5:40:00 PM UTC+9","July 31, 2026 at 8:20:00 AM UTC+9","장 한별,전설의 사내,장민호","https://trends.google.com/trends/explore?q=%EC%9E%A5%20%ED%95%9C%EB%B3%84&geo=KR&hl=en-US"
"신현송","1K+","July 29, 2026 at 3:20:00 PM UTC+9","July 30, 2026 at 8:40:00 AM UTC+9","신현송","https://trends.google.com/trends/explore?q=%EC%8B%A0%ED%98%84%EC%86%A1&geo=KR&hl=en-US"
"이지혜","2K+","July 31, 2026 at 5:40:00 AM UTC+9","July 31, 2026 at 8:00:00 AM UTC+9","이지혜","https://trends.google.com/trends/explore?q=%EC%9D%B4%EC%A7%80%ED%98%9C&geo=KR&hl=en-US"
"김원희","500+","August 1, 2026 at 7:20:00 PM UTC+9","August 2, 2026 at 8:30:00 PM UTC+9","김원희","https://trends.google.com/trends/explore?q=%EA%B9%80%EC%9B%90%ED%9D%AC&geo=KR&hl=en-US"
"손태진","500+","August 1, 2026 at 8:00:00 AM UTC+9","August 2, 2026 at 7:30:00 AM UTC+9","손태진","https://trends.google.com/trends/explore?q=%EC%86%90%ED%83%9C%EC%A7%84&geo=KR&hl=en-US"
"정유시설","500+","July 31, 2026 at 9:40:00 PM UTC+9","August 1, 2026 at 12:40:00 PM UTC+9","정유시설,정유공장","https://trends.google.com/trends/explore?q=%EC%A0%95%EC%9C%A0%EC%8B%9C%EC%84%A4&geo=KR&hl=en-US"
"krx","2K+","July 30, 2026 at 9:40:00 PM UTC+9","August 1, 2026 at 3:00:00 AM UTC+9","krx,kospi","https://trends.google.com/trends/explore?q=krx&geo=KR&hl=en-US"
"전원주","2K+","August 1, 2026 at 6:10:00 AM UTC+9","August 1, 2026 at 8:10:00 AM UTC+9","전원주","https://trends.google.com/trends/explore?q=%EC%A0%84%EC%9B%90%EC%A3%BC&geo=KR&hl=en-US"
"movie theaters near me","1K+","July 29, 2026 at 10:50:00 PM UTC+9","July 31, 2026 at 2:30:00 AM UTC+9","movie theaters near me","https://trends.google.com/trends/explore?q=movie%20theaters%20near%20me&geo=KR&hl=en-US"
"japan earthquake","5K+","July 28, 2026 at 4:40:00 PM UTC+9","July 29, 2026 at 11:10:00 AM UTC+9","japan earthquake,tsmc,kumamoto,earthquake,kumamoto earthquake","https://trends.google.com/trends/explore?q=japan%20earthquake&geo=KR&hl=en-US"
"what is a heat index","1K+","July 29, 2026 at 11:30:00 PM UTC+9","July 30, 2026 at 6:40:00 PM UTC+9","what is a heat index","https://trends.google.com/trends/explore?q=what%20is%20a%20heat%20index&geo=KR&hl=en-US"
"킬러들의 쇼핑몰 시즌2","2K+","July 29, 2026 at 5:40:00 AM UTC+9","July 29, 2026 at 9:20:00 AM UTC+9","킬러들의 쇼핑몰 시즌2","https://trends.google.com/trends/explore?q=%ED%82%AC%EB%9F%AC%EB%93%A4%EC%9D%98%20%EC%87%BC%ED%95%91%EB%AA%B0%20%EC%8B%9C%EC%A6%8C2&geo=KR&hl=en-US"
"김천상무 대 수원fc","2K+","July 29, 2026 at 6:40:00 PM UTC+9","July 30, 2026 at 7:30:00 AM UTC+9","김천상무 대 수원fc","https://trends.google.com/trends/explore?q=%EA%B9%80%EC%B2%9C%EC%83%81%EB%AC%B4%20%EB%8C%80%20%EC%88%98%EC%9B%90fc&geo=KR&hl=en-US"
"1호선","200+","August 3, 2026 at 5:40:00 PM UTC+9","August 3, 2026 at 7:50:00 PM UTC+9","1호선","https://trends.google.com/trends/explore?q=1%ED%98%B8%EC%84%A0&geo=KR&hl=en-US"
"셔츠","1K+","July 31, 2026 at 4:30:00 PM UTC+9","July 31, 2026 at 9:20:00 PM UTC+9","셔츠","https://trends.google.com/trends/explore?q=%EC%85%94%EC%B8%A0&geo=KR&hl=en-US"
"하이닉스 주주 환원","2K+","July 29, 2026 at 2:20:00 PM UTC+9","July 30, 2026 at 7:40:00 AM UTC+9","하이닉스 주주 환원,삼성전자 컨퍼런스콜,삼성 전자 컨퍼런스 콜","https://trends.google.com/trends/explore?q=%ED%95%98%EC%9D%B4%EB%8B%89%EC%8A%A4%20%EC%A3%BC%EC%A3%BC%20%ED%99%98%EC%9B%90&geo=KR&hl=en-US"
"옥수수 버거","1K+","August 1, 2026 at 9:40:00 PM UTC+9","August 2, 2026 at 12:40:00 AM UTC+9","옥수수 버거,맥도날드 옥수수,맥도날드","https://trends.google.com/trends/explore?q=%EC%98%A5%EC%88%98%EC%88%98%20%EB%B2%84%EA%B1%B0&geo=KR&hl=en-US"
"nvda","200+","August 4, 2026 at 6:40:00 AM UTC+9","August 4, 2026 at 7:00:00 AM UTC+9","nvda","https://trends.google.com/trends/explore?q=nvda&geo=KR&hl=en-US"
"대학 입시","500+","July 31, 2026 at 6:00:00 PM UTC+9","August 1, 2026 at 8:30:00 AM UTC+9","대학 입시","https://trends.google.com/trends/explore?q=%EB%8C%80%ED%95%99%20%EC%9E%85%EC%8B%9C&geo=KR&hl=en-US"
"donald trump","1K+","July 29, 2026 at 10:10:00 PM UTC+9","July 30, 2026 at 6:40:00 PM UTC+9","donald trump","https://trends.google.com/trends/explore?q=donald%20trump&geo=KR&hl=en-US"
"경향신문","200+","August 2, 2026 at 6:50:00 PM UTC+9","August 3, 2026 at 8:20:00 AM UTC+9","경향신문","https://trends.google.com/trends/explore?q=%EA%B2%BD%ED%96%A5%EC%8B%A0%EB%AC%B8&geo=KR&hl=en-US"
"미켈 아르테타","500+","August 3, 2026 at 7:20:00 AM UTC+9","August 3, 2026 at 9:30:00 AM UTC+9","미켈 아르테타,비니시우스 주니오르,레알마드리드","https://trends.google.com/trends/explore?q=%EB%AF%B8%EC%BC%88%20%EC%95%84%EB%A5%B4%ED%85%8C%ED%83%80&geo=KR&hl=en-US"
"lig 디펜스&에어로스페이스","1K+","July 29, 2026 at 2:50:00 PM UTC+9","July 29, 2026 at 9:30:00 PM UTC+9","lig 디펜스&에어로스페이스","https://trends.google.com/trends/explore?q=lig%20%EB%94%94%ED%8E%9C%EC%8A%A4%26%EC%97%90%EC%96%B4%EB%A1%9C%EC%8A%A4%ED%8E%98%EC%9D%B4%EC%8A%A4&geo=KR&hl=en-US"
"강민호","2K+","July 29, 2026 at 5:30:00 PM UTC+9","July 30, 2026 at 7:10:00 AM UTC+9","강민호","https://trends.google.com/trends/explore?q=%EA%B0%95%EB%AF%BC%ED%98%B8&geo=KR&hl=en-US"
"해고","1K+","July 31, 2026 at 8:40:00 AM UTC+9","July 31, 2026 at 6:20:00 PM UTC+9","해고","https://trends.google.com/trends/explore?q=%ED%95%B4%EA%B3%A0&geo=KR&hl=en-US"
"삼성sdi","2K+","August 1, 2026 at 3:30:00 PM UTC+9","August 1, 2026 at 4:50:00 PM UTC+9","삼성sdi,lg에너지솔루션,l g 에너지 솔루션","https://trends.google.com/trends/explore?q=%EC%82%BC%EC%84%B1sdi&geo=KR&hl=en-US"
"유정복","1K+","July 28, 2026 at 1:20:00 PM UTC+9","July 29, 2026 at 9:30:00 AM UTC+9","유정복","https://trends.google.com/trends/explore?q=%EC%9C%A0%EC%A0%95%EB%B3%B5&geo=KR&hl=en-US"
"what is a data breach","1K+","July 30, 2026 at 2:00:00 AM UTC+9","July 31, 2026 at 5:10:00 AM UTC+9","what is a data breach","https://trends.google.com/trends/explore?q=what%20is%20a%20data%20breach&geo=KR&hl=en-US"
"latest iphone rumors","1K+","July 30, 2026 at 2:40:00 AM UTC+9","July 30, 2026 at 6:50:00 PM UTC+9","latest iphone rumors","https://trends.google.com/trends/explore?q=latest%20iphone%20rumors&geo=KR&hl=en-US"
"마이크로소프트 주가","2K+","July 30, 2026 at 6:20:00 AM UTC+9","July 31, 2026 at 10:30:00 AM UTC+9","마이크로소프트 주가,메타,메타 주가,마이크로소프트,메타 실적발표","https://trends.google.com/trends/explore?q=%EB%A7%88%EC%9D%B4%ED%81%AC%EB%A1%9C%EC%86%8C%ED%94%84%ED%8A%B8%20%EC%A3%BC%EA%B0%80&geo=KR&hl=en-US"
"김하성","1K+","July 29, 2026 at 3:00:00 AM UTC+9","July 29, 2026 at 10:10:00 AM UTC+9","김하성","https://trends.google.com/trends/explore?q=%EA%B9%80%ED%95%98%EC%84%B1&geo=KR&hl=en-US"
"안선영","1K+","July 31, 2026 at 3:30:00 PM UTC+9","July 31, 2026 at 7:40:00 PM UTC+9","안선영","https://trends.google.com/trends/explore?q=%EC%95%88%EC%84%A0%EC%98%81&geo=KR&hl=en-US"
"박기량","200+","August 2, 2026 at 11:40:00 PM UTC+9","August 3, 2026 at 8:30:00 AM UTC+9","박기량","https://trends.google.com/trends/explore?q=%EB%B0%95%EA%B8%B0%EB%9F%89&geo=KR&hl=en-US"
"통영 시장 선거","5K+","July 28, 2026 at 12:50:00 PM UTC+9","July 28, 2026 at 3:30:00 PM UTC+9","통영 시장 선거","https://trends.google.com/trends/explore?q=%ED%86%B5%EC%98%81%20%EC%8B%9C%EC%9E%A5%20%EC%84%A0%EA%B1%B0&geo=KR&hl=en-US"
"송도동","1K+","July 30, 2026 at 6:40:00 AM UTC+9","July 30, 2026 at 8:40:00 PM UTC+9","송도동","https://trends.google.com/trends/explore?q=%EC%86%A1%EB%8F%84%EB%8F%99&geo=KR&hl=en-US"
"tennis scores today","1K+","July 29, 2026 at 11:30:00 PM UTC+9","July 30, 2026 at 6:30:00 PM UTC+9","tennis scores today","https://trends.google.com/trends/explore?q=tennis%20scores%20today&geo=KR&hl=en-US"
"ewc 오버워치","200+","August 2, 2026 at 8:10:00 PM UTC+9","August 3, 2026 at 4:00:00 AM UTC+9","ewc 오버워치","https://trends.google.com/trends/explore?q=ewc%20%EC%98%A4%EB%B2%84%EC%9B%8C%EC%B9%98&geo=KR&hl=en-US"
"보험","1K+","August 1, 2026 at 6:40:00 PM UTC+9","August 1, 2026 at 8:50:00 PM UTC+9","보험","https://trends.google.com/trends/explore?q=%EB%B3%B4%ED%97%98&geo=KR&hl=en-US"
"의료법","1K+","July 31, 2026 at 12:10:00 PM UTC+9","July 31, 2026 at 4:20:00 PM UTC+9","의료법","https://trends.google.com/trends/explore?q=%EC%9D%98%EB%A3%8C%EB%B2%95&geo=KR&hl=en-US"
"best shows on hbo max","1K+","July 30, 2026 at 1:50:00 AM UTC+9","July 30, 2026 at 6:30:00 PM UTC+9","best shows on hbo max","https://trends.google.com/trends/explore?q=best%20shows%20on%20hbo%20max&geo=KR&hl=en-US"
"월명공원","200+","August 2, 2026 at 8:10:00 PM UTC+9","August 3, 2026 at 8:30:00 AM UTC+9","월명공원","https://trends.google.com/trends/explore?q=%EC%9B%94%EB%AA%85%EA%B3%B5%EC%9B%90&geo=KR&hl=en-US"
"빅터 레이예스","200+","August 3, 2026 at 12:50:00 PM UTC+9","August 3, 2026 at 2:10:00 PM UTC+9","빅터 레이예스","https://trends.google.com/trends/explore?q=%EB%B9%85%ED%84%B0%20%EB%A0%88%EC%9D%B4%EC%98%88%EC%8A%A4&geo=KR&hl=en-US"
"광주 대 천안시티","1K+","July 29, 2026 at 6:30:00 PM UTC+9","July 30, 2026 at 2:00:00 AM UTC+9","광주 대 천안시티","https://trends.google.com/trends/explore?q=%EA%B4%91%EC%A3%BC%20%EB%8C%80%20%EC%B2%9C%EC%95%88%EC%8B%9C%ED%8B%B0&geo=KR&hl=en-US"
"양민혁","1K+","July 31, 2026 at 6:10:00 AM UTC+9","July 31, 2026 at 4:20:00 PM UTC+9","양민혁","https://trends.google.com/trends/explore?q=%EC%96%91%EB%AF%BC%ED%98%81&geo=KR&hl=en-US"
"아스날","500+","August 2, 2026 at 1:20:00 AM UTC+9","August 2, 2026 at 9:30:00 AM UTC+9","아스날,지로나 대 아스널","https://trends.google.com/trends/explore?q=%EC%95%84%EC%8A%A4%EB%82%A0&geo=KR&hl=en-US"
"world's tallest buildings","1K+","July 30, 2026 at 2:20:00 AM UTC+9","July 30, 2026 at 6:30:00 PM UTC+9","world's tallest buildings","https://trends.google.com/trends/explore?q=world%27s%20tallest%20buildings&geo=KR&hl=en-US"
"순천대학교","1K+","July 31, 2026 at 5:00:00 PM UTC+9","August 1, 2026 at 4:40:00 PM UTC+9","순천대학교,국립목포대학교","https://trends.google.com/trends/explore?q=%EC%88%9C%EC%B2%9C%EB%8C%80%ED%95%99%EA%B5%90&geo=KR&hl=en-US"
"산골총각 영웅","2K+","July 29, 2026 at 10:20:00 AM UTC+9","July 29, 2026 at 8:40:00 PM UTC+9","산골총각 영웅,김도훈,산골 총각 영웅,차승원","https://trends.google.com/trends/explore?q=%EC%82%B0%EA%B3%A8%EC%B4%9D%EA%B0%81%20%EC%98%81%EC%9B%85&geo=KR&hl=en-US"
"수에즈","1K+","July 31, 2026 at 12:30:00 PM UTC+9","July 31, 2026 at 5:20:00 PM UTC+9","수에즈","https://trends.google.com/trends/explore?q=%EC%88%98%EC%97%90%EC%A6%88&geo=KR&hl=en-US"
"lionel messi","500+","August 2, 2026 at 11:10:00 AM UTC+9","August 2, 2026 at 1:10:00 PM UTC+9","lionel messi","https://trends.google.com/trends/explore?q=lionel%20messi&geo=KR&hl=en-US"
"토트넘 홋스퍼 fc","1K+","August 3, 2026 at 6:40:00 AM UTC+9","August 3, 2026 at 7:40:00 AM UTC+9","토트넘 홋스퍼 fc,로베르토 데 제르비,로베르토 데 제르 비","https://trends.google.com/trends/explore?q=%ED%86%A0%ED%8A%B8%EB%84%98%20%ED%99%8B%EC%8A%A4%ED%8D%BC%20fc&geo=KR&hl=en-US"
"경찰대","500+","August 1, 2026 at 7:20:00 AM UTC+9","August 1, 2026 at 6:40:00 PM UTC+9","경찰대","https://trends.google.com/trends/explore?q=%EA%B2%BD%EC%B0%B0%EB%8C%80&geo=KR&hl=en-US"
"세계테마기행","1K+","July 30, 2026 at 9:30:00 AM UTC+9","July 30, 2026 at 8:10:00 PM UTC+9","세계테마기행","https://trends.google.com/trends/explore?q=%EC%84%B8%EA%B3%84%ED%85%8C%EB%A7%88%EA%B8%B0%ED%96%89&geo=KR&hl=en-US"
"김태군","1K+","July 29, 2026 at 9:50:00 PM UTC+9","July 31, 2026 at 10:00:00 AM UTC+9","김태군,삼성 기아","https://trends.google.com/trends/explore?q=%EA%B9%80%ED%83%9C%EA%B5%B0&geo=KR&hl=en-US"
"아성 다이 소","2K+","July 30, 2026 at 3:20:00 PM UTC+9","July 30, 2026 at 6:20:00 PM UTC+9","아성 다이 소,아성다이소","https://trends.google.com/trends/explore?q=%EC%95%84%EC%84%B1%20%EB%8B%A4%EC%9D%B4%20%EC%86%8C&geo=KR&hl=en-US"
"구마유시","500+","July 31, 2026 at 3:20:00 PM UTC+9","August 1, 2026 at 5:50:00 AM UTC+9","구마유시","https://trends.google.com/trends/explore?q=%EA%B5%AC%EB%A7%88%EC%9C%A0%EC%8B%9C&geo=KR&hl=en-US"
"000660","5K+","July 28, 2026 at 4:50:00 PM UTC+9","July 28, 2026 at 6:20:00 PM UTC+9","000660,skhy,koru","https://trends.google.com/trends/explore?q=000660&geo=KR&hl=en-US"
"학교 폭력","500+","July 31, 2026 at 8:20:00 AM UTC+9","July 31, 2026 at 8:10:00 PM UTC+9","학교 폭력","https://trends.google.com/trends/explore?q=%ED%95%99%EA%B5%90%20%ED%8F%AD%EB%A0%A5&geo=KR&hl=en-US"
"what is a heat dome","500+","July 29, 2026 at 6:20:00 PM UTC+9","July 30, 2026 at 6:10:00 PM UTC+9","what is a heat dome","https://trends.google.com/trends/explore?q=what%20is%20a%20heat%20dome&geo=KR&hl=en-US"
"공매도","2K+","July 29, 2026 at 11:50:00 AM UTC+9","July 29, 2026 at 3:30:00 PM UTC+9","공매도","https://trends.google.com/trends/explore?q=%EA%B3%B5%EB%A7%A4%EB%8F%84&geo=KR&hl=en-US"
"공군사관학교","500+","August 1, 2026 at 7:00:00 AM UTC+9","August 1, 2026 at 5:10:00 PM UTC+9","공군사관학교","https://trends.google.com/trends/explore?q=%EA%B3%B5%EA%B5%B0%EC%82%AC%EA%B4%80%ED%95%99%EA%B5%90&geo=KR&hl=en-US"
"상장지수펀드","1K+","July 30, 2026 at 3:20:00 PM UTC+9","July 30, 2026 at 11:20:00 PM UTC+9","상장지수펀드","https://trends.google.com/trends/explore?q=%EC%83%81%EC%9E%A5%EC%A7%80%EC%88%98%ED%8E%80%EB%93%9C&geo=KR&hl=en-US"
"며느리","1K+","July 31, 2026 at 11:40:00 AM UTC+9","July 31, 2026 at 1:50:00 PM UTC+9","며느리","https://trends.google.com/trends/explore?q=%EB%A9%B0%EB%8A%90%EB%A6%AC&geo=KR&hl=en-US"
"lck","2K+","July 30, 2026 at 7:40:00 PM UTC+9","July 30, 2026 at 11:40:00 PM UTC+9","lck","https://trends.google.com/trends/explore?q=lck&geo=KR&hl=en-US"
"대한통운","1K+","July 28, 2026 at 3:40:00 PM UTC+9","July 29, 2026 at 9:00:00 AM UTC+9","대한통운","https://trends.google.com/trends/explore?q=%EB%8C%80%ED%95%9C%ED%86%B5%EC%9A%B4&geo=KR&hl=en-US"
"cryptocurrency trading","500+","July 30, 2026 at 1:50:00 AM UTC+9","July 31, 2026 at 6:40:00 AM UTC+9","cryptocurrency trading","https://trends.google.com/trends/explore?q=cryptocurrency%20trading&geo=KR&hl=en-US"
"sony","1K+","July 28, 2026 at 7:10:00 PM UTC+9","July 29, 2026 at 1:50:00 PM UTC+9","sony","https://trends.google.com/trends/explore?q=sony&geo=KR&hl=en-US"
"에스피지","1K+","July 28, 2026 at 10:30:00 PM UTC+9","July 30, 2026 at 9:30:00 AM UTC+9","에스피지","https://trends.google.com/trends/explore?q=%EC%97%90%EC%8A%A4%ED%94%BC%EC%A7%80&geo=KR&hl=en-US"
"롯데 자이언츠","2K+","July 30, 2026 at 5:20:00 PM UTC+9","July 30, 2026 at 8:40:00 PM UTC+9","롯데 자이언츠","https://trends.google.com/trends/explore?q=%EB%A1%AF%EB%8D%B0%20%EC%9E%90%EC%9D%B4%EC%96%B8%EC%B8%A0&geo=KR&hl=en-US"
"브로드컴","2K+","July 29, 2026 at 6:10:00 AM UTC+9","July 29, 2026 at 10:00:00 AM UTC+9","브로드컴","https://trends.google.com/trends/explore?q=%EB%B8%8C%EB%A1%9C%EB%93%9C%EC%BB%B4&geo=KR&hl=en-US"
"kdb생명","200+","August 2, 2026 at 11:00:00 AM UTC+9","August 2, 2026 at 6:00:00 PM UTC+9","kdb생명","https://trends.google.com/trends/explore?q=kdb%EC%83%9D%EB%AA%85&geo=KR&hl=en-US"
"김원훈","500+","July 31, 2026 at 10:00:00 PM UTC+9","August 1, 2026 at 2:50:00 PM UTC+9","김원훈","https://trends.google.com/trends/explore?q=%EA%B9%80%EC%9B%90%ED%9B%88&geo=KR&hl=en-US"
"아이온큐","1K+","July 28, 2026 at 11:00:00 AM UTC+9","July 29, 2026 at 6:20:00 AM UTC+9","아이온큐","https://trends.google.com/trends/explore?q=%EC%95%84%EC%9D%B4%EC%98%A8%ED%81%90&geo=KR&hl=en-US"
"김요한","200+","August 2, 2026 at 6:10:00 AM UTC+9","August 2, 2026 at 11:00:00 PM UTC+9","김요한","https://trends.google.com/trends/explore?q=%EA%B9%80%EC%9A%94%ED%95%9C&geo=KR&hl=en-US"
"lottery results today","500+","July 29, 2026 at 11:30:00 PM UTC+9","July 30, 2026 at 6:00:00 PM UTC+9","lottery results today","https://trends.google.com/trends/explore?q=lottery%20results%20today&geo=KR&hl=en-US"
"조재호","500+","July 31, 2026 at 6:20:00 PM UTC+9","August 1, 2026 at 4:40:00 AM UTC+9","조재호","https://trends.google.com/trends/explore?q=%EC%A1%B0%EC%9E%AC%ED%98%B8&geo=KR&hl=en-US"
"공동 명의","1K+","July 29, 2026 at 10:40:00 AM UTC+9","July 29, 2026 at 3:40:00 PM UTC+9","공동 명의","https://trends.google.com/trends/explore?q=%EA%B3%B5%EB%8F%99%20%EB%AA%85%EC%9D%98&geo=KR&hl=en-US"
"네이마르","2K+","August 2, 2026 at 11:10:00 AM UTC+9","August 2, 2026 at 12:20:00 PM UTC+9","네이마르","https://trends.google.com/trends/explore?q=%EB%84%A4%EC%9D%B4%EB%A7%88%EB%A5%B4&geo=KR&hl=en-US"
"주성엔지니어링","500+","July 30, 2026 at 3:40:00 PM UTC+9","July 31, 2026 at 9:00:00 AM UTC+9","주성엔지니어링","https://trends.google.com/trends/explore?q=%EC%A3%BC%EC%84%B1%EC%97%94%EC%A7%80%EB%8B%88%EC%96%B4%EB%A7%81&geo=KR&hl=en-US"
"disneyland ticket prices","500+","July 30, 2026 at 3:30:00 AM UTC+9","July 30, 2026 at 6:20:00 PM UTC+9","disneyland ticket prices","https://trends.google.com/trends/explore?q=disneyland%20ticket%20prices&geo=KR&hl=en-US"
"프로포폴","500+","July 30, 2026 at 6:40:00 PM UTC+9","July 31, 2026 at 8:00:00 AM UTC+9","프로포폴","https://trends.google.com/trends/explore?q=%ED%94%84%EB%A1%9C%ED%8F%AC%ED%8F%B4&geo=KR&hl=en-US"
"구조조정","500+","July 31, 2026 at 2:20:00 PM UTC+9","July 31, 2026 at 7:20:00 PM UTC+9","구조조정","https://trends.google.com/trends/explore?q=%EA%B5%AC%EC%A1%B0%EC%A1%B0%EC%A0%95&geo=KR&hl=en-US"
"김현정","200+","August 1, 2026 at 12:10:00 PM UTC+9","August 1, 2026 at 5:50:00 PM UTC+9","김현정","https://trends.google.com/trends/explore?q=%EA%B9%80%ED%98%84%EC%A0%95&geo=KR&hl=en-US"
"liverpool vs wrexham","1K+","July 30, 2026 at 8:00:00 AM UTC+9","July 30, 2026 at 1:20:00 PM UTC+9","liverpool vs wrexham","https://trends.google.com/trends/explore?q=liverpool%20vs%20wrexham&geo=KR&hl=en-US"
"가덕도신공항","1K+","July 29, 2026 at 5:20:00 PM UTC+9","July 30, 2026 at 9:10:00 AM UTC+9","가덕도신공항","https://trends.google.com/trends/explore?q=%EA%B0%80%EB%8D%95%EB%8F%84%EC%8B%A0%EA%B3%B5%ED%95%AD&geo=KR&hl=en-US"
"샌디스크","1K+","July 30, 2026 at 11:10:00 PM UTC+9","July 31, 2026 at 9:40:00 AM UTC+9","샌디스크,샌디스크 주가","https://trends.google.com/trends/explore?q=%EC%83%8C%EB%94%94%EC%8A%A4%ED%81%AC&geo=KR&hl=en-US"
"uap","500+","August 1, 2026 at 11:30:00 PM UTC+9","August 2, 2026 at 1:50:00 AM UTC+9","uap","https://trends.google.com/trends/explore?q=uap&geo=KR&hl=en-US"
"포스코","200+","August 3, 2026 at 7:00:00 AM UTC+9","August 3, 2026 at 8:30:00 AM UTC+9","포스코","https://trends.google.com/trends/explore?q=%ED%8F%AC%EC%8A%A4%EC%BD%94&geo=KR&hl=en-US"
"국민건강보험공단","1K+","July 30, 2026 at 1:10:00 PM UTC+9","July 30, 2026 at 8:00:00 PM UTC+9","국민건강보험공단","https://trends.google.com/trends/explore?q=%EA%B5%AD%EB%AF%BC%EA%B1%B4%EA%B0%95%EB%B3%B4%ED%97%98%EA%B3%B5%EB%8B%A8&geo=KR&hl=en-US"
"삼성전자 주가","5K+","July 29, 2026 at 12:40:00 PM UTC+9","July 29, 2026 at 3:00:00 PM UTC+9","삼성전자 주가,삼전 주가,필라델피아 반도체 지수,하이닉스주가,삼성 주가,삼성주가","https://trends.google.com/trends/explore?q=%EC%82%BC%EC%84%B1%EC%A0%84%EC%9E%90%20%EC%A3%BC%EA%B0%80&geo=KR&hl=en-US"
"netherlands vs nepal","1K+","July 29, 2026 at 6:10:00 PM UTC+9","July 30, 2026 at 1:10:00 AM UTC+9","netherlands vs nepal,ned vs nep","https://trends.google.com/trends/explore?q=netherlands%20vs%20nepal&geo=KR&hl=en-US"
"함양울산고속도로","500+","July 28, 2026 at 7:50:00 PM UTC+9","July 29, 2026 at 2:30:00 PM UTC+9","함양울산고속도로","https://trends.google.com/trends/explore?q=%ED%95%A8%EC%96%91%EC%9A%B8%EC%82%B0%EA%B3%A0%EC%86%8D%EB%8F%84%EB%A1%9C&geo=KR&hl=en-US"
"한남더힐아파트","500+","July 31, 2026 at 4:00:00 PM UTC+9","July 31, 2026 at 7:10:00 PM UTC+9","한남더힐아파트","https://trends.google.com/trends/explore?q=%ED%95%9C%EB%82%A8%EB%8D%94%ED%9E%90%EC%95%84%ED%8C%8C%ED%8A%B8&geo=KR&hl=en-US"
"롤","2K+","July 29, 2026 at 12:30:00 AM UTC+9","July 29, 2026 at 1:20:00 PM UTC+9","롤,리그오브레전드,리그 오브 레전드,롤 점검","https://trends.google.com/trends/explore?q=%EB%A1%A4&geo=KR&hl=en-US"
"사학연금","200+","August 3, 2026 at 7:10:00 AM UTC+9","August 3, 2026 at 8:30:00 AM UTC+9","사학연금","https://trends.google.com/trends/explore?q=%EC%82%AC%ED%95%99%EC%97%B0%EA%B8%88&geo=KR&hl=en-US"
"nc","500+","July 31, 2026 at 8:40:00 PM UTC+9","August 1, 2026 at 5:40:00 AM UTC+9","nc","https://trends.google.com/trends/explore?q=nc&geo=KR&hl=en-US"
"미국 증권거래위원회","500+","July 30, 2026 at 12:20:00 PM UTC+9","July 31, 2026 at 8:20:00 AM UTC+9","미국 증권거래위원회","https://trends.google.com/trends/explore?q=%EB%AF%B8%EA%B5%AD%20%EC%A6%9D%EA%B6%8C%EA%B1%B0%EB%9E%98%EC%9C%84%EC%9B%90%ED%9A%8C&geo=KR&hl=en-US"
"존 존스","500+","July 30, 2026 at 2:20:00 PM UTC+9","July 31, 2026 at 6:40:00 AM UTC+9","존 존스","https://trends.google.com/trends/explore?q=%EC%A1%B4%20%EC%A1%B4%EC%8A%A4&geo=KR&hl=en-US"
"정지선","200+","August 2, 2026 at 6:00:00 PM UTC+9","August 2, 2026 at 7:40:00 PM UTC+9","정지선","https://trends.google.com/trends/explore?q=%EC%A0%95%EC%A7%80%EC%84%A0&geo=KR&hl=en-US"
"아이스 커피","500+","July 31, 2026 at 10:20:00 AM UTC+9","August 1, 2026 at 7:40:00 AM UTC+9","아이스 커피","https://trends.google.com/trends/explore?q=%EC%95%84%EC%9D%B4%EC%8A%A4%20%EC%BB%A4%ED%94%BC&geo=KR&hl=en-US"
"에이밍 트레이드","2K+","July 30, 2026 at 9:40:00 PM UTC+9","July 31, 2026 at 4:40:00 AM UTC+9","에이밍 트레이드,비디디,kt 롤스터,kt 에이밍,지우 롤,kt롤스터,에이밍 지우,지우 에이밍","https://trends.google.com/trends/explore?q=%EC%97%90%EC%9D%B4%EB%B0%8D%20%ED%8A%B8%EB%A0%88%EC%9D%B4%EB%93%9C&geo=KR&hl=en-US"
"제주시장","500+","July 31, 2026 at 5:50:00 PM UTC+9","August 1, 2026 at 4:50:00 AM UTC+9","제주시장","https://trends.google.com/trends/explore?q=%EC%A0%9C%EC%A3%BC%EC%8B%9C%EC%9E%A5&geo=KR&hl=en-US"
"나스닥 지수","1K+","August 1, 2026 at 6:00:00 AM UTC+9","August 1, 2026 at 8:50:00 AM UTC+9","나스닥 지수,아마존 실적발표,아마존","https://trends.google.com/trends/explore?q=%EB%82%98%EC%8A%A4%EB%8B%A5%20%EC%A7%80%EC%88%98&geo=KR&hl=en-US"
"mu","1K+","August 1, 2026 at 6:10:00 AM UTC+9","August 1, 2026 at 9:20:00 AM UTC+9","mu","https://trends.google.com/trends/explore?q=mu&geo=KR&hl=en-US"
"윤혜진","500+","August 1, 2026 at 7:30:00 AM UTC+9","August 1, 2026 at 1:30:00 PM UTC+9","윤혜진","https://trends.google.com/trends/explore?q=%EC%9C%A4%ED%98%9C%EC%A7%84&geo=KR&hl=en-US"
"홍진영","100+","August 3, 2026 at 2:40:00 PM UTC+9","August 3, 2026 at 3:50:00 PM UTC+9","홍진영","https://trends.google.com/trends/explore?q=%ED%99%8D%EC%A7%84%EC%98%81&geo=KR&hl=en-US"
"마이클세일러","200+","August 2, 2026 at 10:20:00 PM UTC+9","August 2, 2026 at 11:50:00 PM UTC+9","마이클세일러","https://trends.google.com/trends/explore?q=%EB%A7%88%EC%9D%B4%ED%81%B4%EC%84%B8%EC%9D%BC%EB%9F%AC&geo=KR&hl=en-US"
"레드삭스 대 애슬레틱스","1K+","July 30, 2026 at 10:40:00 AM UTC+9","July 30, 2026 at 4:30:00 PM UTC+9","레드삭스 대 애슬레틱스","https://trends.google.com/trends/explore?q=%EB%A0%88%EB%93%9C%EC%82%AD%EC%8A%A4%20%EB%8C%80%20%EC%95%A0%EC%8A%AC%EB%A0%88%ED%8B%B1%EC%8A%A4&geo=KR&hl=en-US"
"에코프로","1K+","July 29, 2026 at 5:10:00 AM UTC+9","July 29, 2026 at 8:50:00 AM UTC+9","에코프로","https://trends.google.com/trends/explore?q=%EC%97%90%EC%BD%94%ED%94%84%EB%A1%9C&geo=KR&hl=en-US"
"김원형","200+","August 2, 2026 at 5:00:00 AM UTC+9","August 2, 2026 at 9:10:00 AM UTC+9","김원형","https://trends.google.com/trends/explore?q=%EA%B9%80%EC%9B%90%ED%98%95&geo=KR&hl=en-US"
"익산시","100+","August 3, 2026 at 5:50:00 AM UTC+9","August 3, 2026 at 8:50:00 AM UTC+9","익산시","https://trends.google.com/trends/explore?q=%EC%9D%B5%EC%82%B0%EC%8B%9C&geo=KR&hl=en-US"
"송가인","200+","August 2, 2026 at 9:30:00 PM UTC+9","August 3, 2026 at 7:20:00 AM UTC+9","송가인","https://trends.google.com/trends/explore?q=%EC%86%A1%EA%B0%80%EC%9D%B8&geo=KR&hl=en-US"
"하이닉스 채용","1K+","July 30, 2026 at 12:10:00 PM UTC+9","July 30, 2026 at 11:30:00 PM UTC+9","하이닉스 채용,sk하이닉스 채용","https://trends.google.com/trends/explore?q=%ED%95%98%EC%9D%B4%EB%8B%89%EC%8A%A4%20%EC%B1%84%EC%9A%A9&geo=KR&hl=en-US"
"뇌","500+","July 31, 2026 at 4:20:00 AM UTC+9","July 31, 2026 at 8:50:00 AM UTC+9","뇌","https://trends.google.com/trends/explore?q=%EB%87%8C&geo=KR&hl=en-US"
"cj그룹","500+","July 31, 2026 at 10:40:00 AM UTC+9","July 31, 2026 at 6:40:00 PM UTC+9","cj그룹","https://trends.google.com/trends/explore?q=cj%EA%B7%B8%EB%A3%B9&geo=KR&hl=en-US"
"klasemen tim nasional sepak bola timor leste vs timnas indonesia","500+","July 31, 2026 at 9:10:00 PM UTC+9","August 1, 2026 at 6:40:00 AM UTC+9","klasemen tim nasional sepak bola timor leste vs timnas indonesia","https://trends.google.com/trends/explore?q=klasemen%20tim%20nasional%20sepak%20bola%20timor%20leste%20vs%20timnas%20indonesia&geo=KR&hl=en-US"
"김규성","500+","July 30, 2026 at 12:10:00 AM UTC+9","July 30, 2026 at 9:50:00 AM UTC+9","김규성","https://trends.google.com/trends/explore?q=%EA%B9%80%EA%B7%9C%EC%84%B1&geo=KR&hl=en-US"
"대한민국","200+","August 2, 2026 at 5:50:00 PM UTC+9","August 2, 2026 at 7:40:00 PM UTC+9","대한민국","https://trends.google.com/trends/explore?q=%EB%8C%80%ED%95%9C%EB%AF%BC%EA%B5%AD&geo=KR&hl=en-US"
"텍사스","1K+","July 28, 2026 at 5:10:00 PM UTC+9","July 29, 2026 at 8:30:00 AM UTC+9","텍사스","https://trends.google.com/trends/explore?q=%ED%85%8D%EC%82%AC%EC%8A%A4&geo=KR&hl=en-US"
"쯔양","1K+","July 29, 2026 at 6:10:00 AM UTC+9","July 30, 2026 at 6:40:00 AM UTC+9","쯔양","https://trends.google.com/trends/explore?q=%EC%AF%94%EC%96%91&geo=KR&hl=en-US"
"삼성전기","1K+","August 1, 2026 at 6:20:00 AM UTC+9","August 1, 2026 at 7:20:00 AM UTC+9","삼성전기,삼성전기 주가","https://trends.google.com/trends/explore?q=%EC%82%BC%EC%84%B1%EC%A0%84%EA%B8%B0&geo=KR&hl=en-US"
"중국 축구 국가대표팀","1K+","July 29, 2026 at 8:00:00 AM UTC+9","July 29, 2026 at 5:50:00 PM UTC+9","중국 축구 국가대표팀","https://trends.google.com/trends/explore?q=%EC%A4%91%EA%B5%AD%20%EC%B6%95%EA%B5%AC%20%EA%B5%AD%EA%B0%80%EB%8C%80%ED%91%9C%ED%8C%80&geo=KR&hl=en-US"
"박재현","1K+","July 31, 2026 at 6:20:00 AM UTC+9","July 31, 2026 at 9:00:00 AM UTC+9","박재현","https://trends.google.com/trends/explore?q=%EB%B0%95%EC%9E%AC%ED%98%84&geo=KR&hl=en-US"
"권순우","2K+","July 29, 2026 at 12:40:00 PM UTC+9","July 29, 2026 at 3:20:00 PM UTC+9","권순우","https://trends.google.com/trends/explore?q=%EA%B6%8C%EC%88%9C%EC%9A%B0&geo=KR&hl=en-US"
"하영","500+","August 1, 2026 at 8:00:00 PM UTC+9","August 1, 2026 at 9:50:00 PM UTC+9","하영,정해인","https://trends.google.com/trends/explore?q=%ED%95%98%EC%98%81&geo=KR&hl=en-US"
"골든스테이트 워리어스","200+","August 1, 2026 at 2:10:00 PM UTC+9","August 1, 2026 at 6:30:00 PM UTC+9","골든스테이트 워리어스,커리","https://trends.google.com/trends/explore?q=%EA%B3%A8%EB%93%A0%EC%8A%A4%ED%85%8C%EC%9D%B4%ED%8A%B8%20%EC%9B%8C%EB%A6%AC%EC%96%B4%EC%8A%A4&geo=KR&hl=en-US"
"009150","2K+","July 30, 2026 at 4:30:00 PM UTC+9","July 30, 2026 at 6:30:00 PM UTC+9","009150","https://trends.google.com/trends/explore?q=009150&geo=KR&hl=en-US"
"전북도민일보","500+","July 31, 2026 at 6:40:00 AM UTC+9","July 31, 2026 at 1:20:00 PM UTC+9","전북도민일보","https://trends.google.com/trends/explore?q=%EC%A0%84%EB%B6%81%EB%8F%84%EB%AF%BC%EC%9D%BC%EB%B3%B4&geo=KR&hl=en-US"
"딥시크","200+","August 1, 2026 at 6:00:00 PM UTC+9","August 1, 2026 at 8:50:00 PM UTC+9","딥시크","https://trends.google.com/trends/explore?q=%EB%94%A5%EC%8B%9C%ED%81%AC&geo=KR&hl=en-US"
"동티모르 대 인도네시아","500+","July 31, 2026 at 6:40:00 PM UTC+9","July 31, 2026 at 10:00:00 PM UTC+9","동티모르 대 인도네시아","https://trends.google.com/trends/explore?q=%EB%8F%99%ED%8B%B0%EB%AA%A8%EB%A5%B4%20%EB%8C%80%20%EC%9D%B8%EB%8F%84%EB%84%A4%EC%8B%9C%EC%95%84&geo=KR&hl=en-US"
"신구","200+","August 2, 2026 at 9:20:00 PM UTC+9","August 2, 2026 at 10:50:00 PM UTC+9","신구","https://trends.google.com/trends/explore?q=%EC%8B%A0%EA%B5%AC&geo=KR&hl=en-US"
"두산에너빌리티","2K+","August 1, 2026 at 7:40:00 AM UTC+9","August 1, 2026 at 8:30:00 AM UTC+9","두산에너빌리티","https://trends.google.com/trends/explore?q=%EB%91%90%EC%82%B0%EC%97%90%EB%84%88%EB%B9%8C%EB%A6%AC%ED%8B%B0&geo=KR&hl=en-US"
"최권","500+","July 28, 2026 at 11:20:00 PM UTC+9","July 29, 2026 at 9:20:00 AM UTC+9","최권","https://trends.google.com/trends/explore?q=%EC%B5%9C%EA%B6%8C&geo=KR&hl=en-US"
"파키스탄","500+","July 29, 2026 at 7:00:00 PM UTC+9","July 30, 2026 at 7:00:00 AM UTC+9","파키스탄","https://trends.google.com/trends/explore?q=%ED%8C%8C%ED%82%A4%EC%8A%A4%ED%83%84&geo=KR&hl=en-US"
"뷰익","500+","July 30, 2026 at 7:30:00 PM UTC+9","July 31, 2026 at 7:20:00 AM UTC+9","뷰익","https://trends.google.com/trends/explore?q=%EB%B7%B0%EC%9D%B5&geo=KR&hl=en-US"
"중국인","500+","July 31, 2026 at 1:50:00 PM UTC+9","July 31, 2026 at 4:30:00 PM UTC+9","중국인","https://trends.google.com/trends/explore?q=%EC%A4%91%EA%B5%AD%EC%9D%B8&geo=KR&hl=en-US"
"유혜주","500+","July 30, 2026 at 11:20:00 AM UTC+9","July 31, 2026 at 4:40:00 AM UTC+9","유혜주","https://trends.google.com/trends/explore?q=%EC%9C%A0%ED%98%9C%EC%A3%BC&geo=KR&hl=en-US"
"싸이","500+","July 29, 2026 at 12:40:00 AM UTC+9","July 29, 2026 at 9:40:00 AM UTC+9","싸이","https://trends.google.com/trends/explore?q=%EC%8B%B8%EC%9D%B4&geo=KR&hl=en-US"
"전북도민일보","200+","August 3, 2026 at 10:40:00 AM UTC+9","August 3, 2026 at 1:10:00 PM UTC+9","전북도민일보","https://trends.google.com/trends/explore?q=%EC%A0%84%EB%B6%81%EB%8F%84%EB%AF%BC%EC%9D%BC%EB%B3%B4&geo=KR&hl=en-US"
"xrp 레저","1K+","July 31, 2026 at 6:50:00 AM UTC+9","July 31, 2026 at 8:30:00 AM UTC+9","xrp 레저","https://trends.google.com/trends/explore?q=xrp%20%EB%A0%88%EC%A0%80&geo=KR&hl=en-US"
"ลิเวอร์พูล พบ เร็กซ์แฮม","500+","July 30, 2026 at 8:10:00 AM UTC+9","July 30, 2026 at 1:10:00 PM UTC+9","ลิเวอร์พูล พบ เร็กซ์แฮม","https://trends.google.com/trends/explore?q=%E0%B8%A5%E0%B8%B4%E0%B9%80%E0%B8%A7%E0%B8%AD%E0%B8%A3%E0%B9%8C%E0%B8%9E%E0%B8%B9%E0%B8%A5%20%E0%B8%9E%E0%B8%9A%20%E0%B9%80%E0%B8%A3%E0%B9%87%E0%B8%81%E0%B8%8B%E0%B9%8C%E0%B9%81%E0%B8%AE%E0%B8%A1&geo=KR&hl=en-US"
"인버스","500+","July 31, 2026 at 9:20:00 AM UTC+9","July 31, 2026 at 4:40:00 PM UTC+9","인버스","https://trends.google.com/trends/explore?q=%EC%9D%B8%EB%B2%84%EC%8A%A4&geo=KR&hl=en-US"
"이승민","200+","August 1, 2026 at 11:00:00 AM UTC+9","August 1, 2026 at 2:20:00 PM UTC+9","이승민","https://trends.google.com/trends/explore?q=%EC%9D%B4%EC%8A%B9%EB%AF%BC&geo=KR&hl=en-US"
"멸망전","500+","August 1, 2026 at 4:30:00 PM UTC+9","August 1, 2026 at 6:00:00 PM UTC+9","멸망전,멸망전 결승,교권보호국","https://trends.google.com/trends/explore?q=%EB%A9%B8%EB%A7%9D%EC%A0%84&geo=KR&hl=en-US"
"서수민","1K+","July 30, 2026 at 12:40:00 PM UTC+9","July 30, 2026 at 3:00:00 PM UTC+9","서수민,인터뷰","https://trends.google.com/trends/explore?q=%EC%84%9C%EC%88%98%EB%AF%BC&geo=KR&hl=en-US"
"대한불교조계종 삼화사","200+","August 2, 2026 at 6:40:00 PM UTC+9","August 2, 2026 at 8:50:00 PM UTC+9","대한불교조계종 삼화사","https://trends.google.com/trends/explore?q=%EB%8C%80%ED%95%9C%EB%B6%88%EA%B5%90%EC%A1%B0%EA%B3%84%EC%A2%85%20%EC%82%BC%ED%99%94%EC%82%AC&geo=KR&hl=en-US"
"이투데이","500+","August 1, 2026 at 5:20:00 PM UTC+9","August 1, 2026 at 7:10:00 PM UTC+9","이투데이","https://trends.google.com/trends/explore?q=%EC%9D%B4%ED%88%AC%EB%8D%B0%EC%9D%B4&geo=KR&hl=en-US"
"연료전지","100+","August 3, 2026 at 9:30:00 AM UTC+9","August 3, 2026 at 10:30:00 AM UTC+9","연료전지","https://trends.google.com/trends/explore?q=%EC%97%B0%EB%A3%8C%EC%A0%84%EC%A7%80&geo=KR&hl=en-US"
"폴더 블 스마트 폰","1K+","July 28, 2026 at 2:20:00 PM UTC+9","July 29, 2026 at 12:00:00 AM UTC+9","폴더 블 스마트 폰,갤럭시폴드8","https://trends.google.com/trends/explore?q=%ED%8F%B4%EB%8D%94%20%EB%B8%94%20%EC%8A%A4%EB%A7%88%ED%8A%B8%20%ED%8F%B0&geo=KR&hl=en-US"
"박현주","1K+","July 30, 2026 at 5:50:00 AM UTC+9","July 30, 2026 at 8:10:00 AM UTC+9","박현주","https://trends.google.com/trends/explore?q=%EB%B0%95%ED%98%84%EC%A3%BC&geo=KR&hl=en-US"
"best places to retire","500+","July 30, 2026 at 2:50:00 AM UTC+9","July 30, 2026 at 1:20:00 PM UTC+9","best places to retire","https://trends.google.com/trends/explore?q=best%20places%20to%20retire&geo=KR&hl=en-US"
"직장갑질119","100+","August 3, 2026 at 8:10:00 AM UTC+9","August 3, 2026 at 9:40:00 AM UTC+9","직장갑질119","https://trends.google.com/trends/explore?q=%EC%A7%81%EC%9E%A5%EA%B0%91%EC%A7%88119&geo=KR&hl=en-US"
"노동자","500+","July 29, 2026 at 7:10:00 AM UTC+9","July 29, 2026 at 3:40:00 PM UTC+9","노동자","https://trends.google.com/trends/explore?q=%EB%85%B8%EB%8F%99%EC%9E%90&geo=KR&hl=en-US"
"롯데카드","500+","July 31, 2026 at 6:10:00 PM UTC+9","August 1, 2026 at 7:50:00 AM UTC+9","롯데카드","https://trends.google.com/trends/explore?q=%EB%A1%AF%EB%8D%B0%EC%B9%B4%EB%93%9C&geo=KR&hl=en-US"
"무궁화 호","500+","July 28, 2026 at 3:30:00 PM UTC+9","July 29, 2026 at 7:10:00 AM UTC+9","무궁화 호","https://trends.google.com/trends/explore?q=%EB%AC%B4%EA%B6%81%ED%99%94%20%ED%98%B8&geo=KR&hl=en-US"
"리버풀 fc","1K+","July 30, 2026 at 1:50:00 PM UTC+9","July 30, 2026 at 11:50:00 PM UTC+9","리버풀 fc,브래들리 바르콜라","https://trends.google.com/trends/explore?q=%EB%A6%AC%EB%B2%84%ED%92%80%20fc&geo=KR&hl=en-US"
"김용빈","100+","August 3, 2026 at 11:00:00 PM UTC+9","August 3, 2026 at 11:20:00 PM UTC+9","김용빈","https://trends.google.com/trends/explore?q=%EA%B9%80%EC%9A%A9%EB%B9%88&geo=KR&hl=en-US"
"개신교","200+","July 31, 2026 at 5:30:00 AM UTC+9","July 31, 2026 at 10:30:00 AM UTC+9","개신교","https://trends.google.com/trends/explore?q=%EA%B0%9C%EC%8B%A0%EA%B5%90&geo=KR&hl=en-US"
"토요타","500+","July 29, 2026 at 7:00:00 PM UTC+9","July 30, 2026 at 9:20:00 AM UTC+9","토요타","https://trends.google.com/trends/explore?q=%ED%86%A0%EC%9A%94%ED%83%80&geo=KR&hl=en-US"
"이성민","200+","August 1, 2026 at 1:20:00 PM UTC+9","August 1, 2026 at 8:00:00 PM UTC+9","이성민,지석진","https://trends.google.com/trends/explore?q=%EC%9D%B4%EC%84%B1%EB%AF%BC&geo=KR&hl=en-US"
"음식","5K+","July 28, 2026 at 4:00:00 PM UTC+9","July 28, 2026 at 5:10:00 PM UTC+9","음식,문희준,박소율","https://trends.google.com/trends/explore?q=%EC%9D%8C%EC%8B%9D&geo=KR&hl=en-US"
"포스코","200+","July 31, 2026 at 5:50:00 AM UTC+9","July 31, 2026 at 10:10:00 AM UTC+9","포스코","https://trends.google.com/trends/explore?q=%ED%8F%AC%EC%8A%A4%EC%BD%94&geo=KR&hl=en-US"
"서울양양고속도로","500+","July 30, 2026 at 7:20:00 AM UTC+9","July 30, 2026 at 8:00:00 PM UTC+9","서울양양고속도로","https://trends.google.com/trends/explore?q=%EC%84%9C%EC%9A%B8%EC%96%91%EC%96%91%EA%B3%A0%EC%86%8D%EB%8F%84%EB%A1%9C&geo=KR&hl=en-US"
"젠지","500+","August 1, 2026 at 9:00:00 PM UTC+9","August 1, 2026 at 11:00:00 PM UTC+9","젠지,t1,리그오브레전드","https://trends.google.com/trends/explore?q=%EC%A0%A0%EC%A7%80&geo=KR&hl=en-US"
"지지원","200+","July 31, 2026 at 6:20:00 PM UTC+9","August 1, 2026 at 1:50:00 AM UTC+9","지지원","https://trends.google.com/trends/explore?q=%EC%A7%80%EC%A7%80%EC%9B%90&geo=KR&hl=en-US"
"오타니 쇼헤이","1K+","August 1, 2026 at 2:20:00 PM UTC+9","August 1, 2026 at 3:20:00 PM UTC+9","오타니 쇼헤이,콜 어빈,오타니","https://trends.google.com/trends/explore?q=%EC%98%A4%ED%83%80%EB%8B%88%20%EC%87%BC%ED%97%A4%EC%9D%B4&geo=KR&hl=en-US"
"latest iphone rumors","200+","August 2, 2026 at 3:10:00 AM UTC+9","August 2, 2026 at 11:20:00 AM UTC+9","latest iphone rumors","https://trends.google.com/trends/explore?q=latest%20iphone%20rumors&geo=KR&hl=en-US"
"아시아나항공","100+","August 3, 2026 at 11:00:00 AM UTC+9","August 3, 2026 at 12:10:00 PM UTC+9","아시아나항공","https://trends.google.com/trends/explore?q=%EC%95%84%EC%8B%9C%EC%95%84%EB%82%98%ED%95%AD%EA%B3%B5&geo=KR&hl=en-US"
"심준석","500+","July 30, 2026 at 9:20:00 AM UTC+9","July 30, 2026 at 2:10:00 PM UTC+9","심준석","https://trends.google.com/trends/explore?q=%EC%8B%AC%EC%A4%80%EC%84%9D&geo=KR&hl=en-US"
"sk이노베이션","200+","July 31, 2026 at 5:40:00 AM UTC+9","July 31, 2026 at 3:20:00 PM UTC+9","sk이노베이션","https://trends.google.com/trends/explore?q=sk%EC%9D%B4%EB%85%B8%EB%B2%A0%EC%9D%B4%EC%85%98&geo=KR&hl=en-US"
"김주애","500+","July 28, 2026 at 10:10:00 PM UTC+9","July 29, 2026 at 1:10:00 PM UTC+9","김주애","https://trends.google.com/trends/explore?q=%EA%B9%80%EC%A3%BC%EC%95%A0&geo=KR&hl=en-US"
"스마트글래스","200+","August 1, 2026 at 7:50:00 PM UTC+9","August 1, 2026 at 11:30:00 PM UTC+9","스마트글래스","https://trends.google.com/trends/explore?q=%EC%8A%A4%EB%A7%88%ED%8A%B8%EA%B8%80%EB%9E%98%EC%8A%A4&geo=KR&hl=en-US"
"이동석","500+","July 28, 2026 at 7:20:00 PM UTC+9","July 29, 2026 at 4:00:00 AM UTC+9","이동석","https://trends.google.com/trends/explore?q=%EC%9D%B4%EB%8F%99%EC%84%9D&geo=KR&hl=en-US"
"충주시장","2K+","July 28, 2026 at 7:00:00 PM UTC+9","July 28, 2026 at 8:50:00 PM UTC+9","충주시장","https://trends.google.com/trends/explore?q=%EC%B6%A9%EC%A3%BC%EC%8B%9C%EC%9E%A5&geo=KR&hl=en-US"
"미국 금리","500+","July 30, 2026 at 3:10:00 AM UTC+9","July 30, 2026 at 9:30:00 AM UTC+9","미국 금리,fomc 발표,다우지수,fomc 금리","https://trends.google.com/trends/explore?q=%EB%AF%B8%EA%B5%AD%20%EA%B8%88%EB%A6%AC&geo=KR&hl=en-US"
"5세대 이동 통신","200+","July 31, 2026 at 5:00:00 PM UTC+9","July 31, 2026 at 8:10:00 PM UTC+9","5세대 이동 통신","https://trends.google.com/trends/explore?q=5%EC%84%B8%EB%8C%80%20%EC%9D%B4%EB%8F%99%20%ED%86%B5%EC%8B%A0&geo=KR&hl=en-US"
"김영웅","500+","July 30, 2026 at 11:40:00 AM UTC+9","July 30, 2026 at 5:20:00 PM UTC+9","김영웅","https://trends.google.com/trends/explore?q=%EA%B9%80%EC%98%81%EC%9B%85&geo=KR&hl=en-US"
"포스코퓨처엠","500+","July 30, 2026 at 6:30:00 PM UTC+9","July 31, 2026 at 6:40:00 AM UTC+9","포스코퓨처엠","https://trends.google.com/trends/explore?q=%ED%8F%AC%EC%8A%A4%EC%BD%94%ED%93%A8%EC%B2%98%EC%97%A0&geo=KR&hl=en-US"
"운전","500+","July 30, 2026 at 6:20:00 AM UTC+9","July 30, 2026 at 9:40:00 AM UTC+9","운전","https://trends.google.com/trends/explore?q=%EC%9A%B4%EC%A0%84&geo=KR&hl=en-US"
"금리","500+","July 30, 2026 at 3:20:00 AM UTC+9","July 30, 2026 at 9:10:00 AM UTC+9","금리","https://trends.google.com/trends/explore?q=%EA%B8%88%EB%A6%AC&geo=KR&hl=en-US"
"쌍용자동차","500+","July 29, 2026 at 10:10:00 AM UTC+9","July 29, 2026 at 2:00:00 PM UTC+9","쌍용자동차","https://trends.google.com/trends/explore?q=%EC%8C%8D%EC%9A%A9%EC%9E%90%EB%8F%99%EC%B0%A8&geo=KR&hl=en-US"
"청바지","1K+","July 29, 2026 at 6:00:00 AM UTC+9","July 29, 2026 at 9:10:00 AM UTC+9","청바지","https://trends.google.com/trends/explore?q=%EC%B2%AD%EB%B0%94%EC%A7%80&geo=KR&hl=en-US"
"s&p 500","1K+","August 1, 2026 at 6:30:00 AM UTC+9","August 1, 2026 at 7:50:00 AM UTC+9","s&p 500","https://trends.google.com/trends/explore?q=s%26p%20500&geo=KR&hl=en-US"
"돈키호테","500+","July 28, 2026 at 6:00:00 PM UTC+9","July 29, 2026 at 10:00:00 AM UTC+9","돈키호테","https://trends.google.com/trends/explore?q=%EB%8F%88%ED%82%A4%ED%98%B8%ED%85%8C&geo=KR&hl=en-US"
"한국경제tv","200+","August 2, 2026 at 8:10:00 AM UTC+9","August 2, 2026 at 9:50:00 AM UTC+9","한국경제tv","https://trends.google.com/trends/explore?q=%ED%95%9C%EA%B5%AD%EA%B2%BD%EC%A0%9Ctv&geo=KR&hl=en-US"
"꿀벌","200+","July 31, 2026 at 7:30:00 PM UTC+9","July 31, 2026 at 10:40:00 PM UTC+9","꿀벌","https://trends.google.com/trends/explore?q=%EA%BF%80%EB%B2%8C&geo=KR&hl=en-US"
"롤렉스","500+","July 29, 2026 at 1:20:00 AM UTC+9","July 29, 2026 at 9:00:00 AM UTC+9","롤렉스","https://trends.google.com/trends/explore?q=%EB%A1%A4%EB%A0%89%EC%8A%A4&geo=KR&hl=en-US"
"네오플","500+","July 29, 2026 at 5:30:00 PM UTC+9","July 29, 2026 at 9:20:00 PM UTC+9","네오플","https://trends.google.com/trends/explore?q=%EB%84%A4%EC%98%A4%ED%94%8C&geo=KR&hl=en-US"
"소방차","500+","July 30, 2026 at 4:20:00 PM UTC+9","July 30, 2026 at 7:40:00 PM UTC+9","소방차","https://trends.google.com/trends/explore?q=%EC%86%8C%EB%B0%A9%EC%B0%A8&geo=KR&hl=en-US"
"리브 골프","500+","July 30, 2026 at 9:00:00 AM UTC+9","July 30, 2026 at 11:50:00 AM UTC+9","리브 골프","https://trends.google.com/trends/explore?q=%EB%A6%AC%EB%B8%8C%20%EA%B3%A8%ED%94%84&geo=KR&hl=en-US"
"aapl","200+","August 1, 2026 at 6:00:00 AM UTC+9","August 1, 2026 at 9:00:00 AM UTC+9","aapl","https://trends.google.com/trends/explore?q=aapl&geo=KR&hl=en-US"
"파크 골프","500+","July 30, 2026 at 6:50:00 AM UTC+9","July 30, 2026 at 9:30:00 AM UTC+9","파크 골프","https://trends.google.com/trends/explore?q=%ED%8C%8C%ED%81%AC%20%EA%B3%A8%ED%94%84&geo=KR&hl=en-US"
"신유열","500+","July 30, 2026 at 11:10:00 AM UTC+9","July 30, 2026 at 6:30:00 PM UTC+9","신유열","https://trends.google.com/trends/explore?q=%EC%8B%A0%EC%9C%A0%EC%97%B4&geo=KR&hl=en-US"
"입원","500+","July 28, 2026 at 3:40:00 PM UTC+9","July 29, 2026 at 7:40:00 AM UTC+9","입원","https://trends.google.com/trends/explore?q=%EC%9E%85%EC%9B%90&geo=KR&hl=en-US"
"경제성장","500+","July 30, 2026 at 3:00:00 PM UTC+9","July 30, 2026 at 5:50:00 PM UTC+9","경제성장","https://trends.google.com/trends/explore?q=%EA%B2%BD%EC%A0%9C%EC%84%B1%EC%9E%A5&geo=KR&hl=en-US"
"퀄컴","200+","July 31, 2026 at 5:10:00 PM UTC+9","August 1, 2026 at 8:00:00 AM UTC+9","퀄컴","https://trends.google.com/trends/explore?q=%ED%80%84%EC%BB%B4&geo=KR&hl=en-US"
"lg화학","200+","July 31, 2026 at 5:40:00 PM UTC+9","August 1, 2026 at 7:30:00 AM UTC+9","lg화학","https://trends.google.com/trends/explore?q=lg%ED%99%94%ED%95%99&geo=KR&hl=en-US"
"서장훈","500+","July 31, 2026 at 11:50:00 AM UTC+9","July 31, 2026 at 2:30:00 PM UTC+9","서장훈","https://trends.google.com/trends/explore?q=%EC%84%9C%EC%9E%A5%ED%9B%88&geo=KR&hl=en-US"
"rmtv","200+","August 2, 2026 at 1:00:00 AM UTC+9","August 2, 2026 at 2:40:00 AM UTC+9","rmtv","https://trends.google.com/trends/explore?q=rmtv&geo=KR&hl=en-US"
"사업","500+","July 29, 2026 at 8:00:00 AM UTC+9","July 29, 2026 at 1:30:00 PM UTC+9","사업","https://trends.google.com/trends/explore?q=%EC%82%AC%EC%97%85&geo=KR&hl=en-US"
"양지마을","1K+","July 28, 2026 at 3:10:00 PM UTC+9","July 28, 2026 at 6:30:00 PM UTC+9","양지마을","https://trends.google.com/trends/explore?q=%EC%96%91%EC%A7%80%EB%A7%88%EC%9D%84&geo=KR&hl=en-US"
"situational awareness","200+","July 31, 2026 at 7:40:00 AM UTC+9","July 31, 2026 at 1:40:00 PM UTC+9","situational awareness","https://trends.google.com/trends/explore?q=situational%20awareness&geo=KR&hl=en-US"
"허경환","200+","August 2, 2026 at 10:30:00 PM UTC+9","August 2, 2026 at 11:40:00 PM UTC+9","허경환","https://trends.google.com/trends/explore?q=%ED%97%88%EA%B2%BD%ED%99%98&geo=KR&hl=en-US"
"도루","500+","July 29, 2026 at 12:00:00 PM UTC+9","July 29, 2026 at 4:20:00 PM UTC+9","도루","https://trends.google.com/trends/explore?q=%EB%8F%84%EB%A3%A8&geo=KR&hl=en-US"
"기내식","100+","August 3, 2026 at 1:40:00 PM UTC+9","August 3, 2026 at 2:20:00 PM UTC+9","기내식","https://trends.google.com/trends/explore?q=%EA%B8%B0%EB%82%B4%EC%8B%9D&geo=KR&hl=en-US"
"의붓딸","500+","July 30, 2026 at 1:30:00 PM UTC+9","July 31, 2026 at 6:20:00 AM UTC+9","의붓딸,계모","https://trends.google.com/trends/explore?q=%EC%9D%98%EB%B6%93%EB%94%B8&geo=KR&hl=en-US"
"skhy","1K+","July 31, 2026 at 6:30:00 AM UTC+9","July 31, 2026 at 8:10:00 AM UTC+9","skhy","https://trends.google.com/trends/explore?q=skhy&geo=KR&hl=en-US"
"퇴직금","500+","July 28, 2026 at 3:00:00 PM UTC+9","July 29, 2026 at 9:00:00 AM UTC+9","퇴직금","https://trends.google.com/trends/explore?q=%ED%87%B4%EC%A7%81%EA%B8%88&geo=KR&hl=en-US"
"염정아","200+","August 1, 2026 at 5:20:00 AM UTC+9","August 1, 2026 at 9:20:00 AM UTC+9","염정아","https://trends.google.com/trends/explore?q=%EC%97%BC%EC%A0%95%EC%95%84&geo=KR&hl=en-US"
"대우건설","200+","August 3, 2026 at 3:30:00 PM UTC+9","August 3, 2026 at 3:50:00 PM UTC+9","대우건설","https://trends.google.com/trends/explore?q=%EB%8C%80%EC%9A%B0%EA%B1%B4%EC%84%A4&geo=KR&hl=en-US"
"관광열차","500+","July 29, 2026 at 4:50:00 AM UTC+9","July 29, 2026 at 4:30:00 PM UTC+9","관광열차","https://trends.google.com/trends/explore?q=%EA%B4%80%EA%B4%91%EC%97%B4%EC%B0%A8&geo=KR&hl=en-US"
"김성균","500+","July 28, 2026 at 6:50:00 PM UTC+9","July 29, 2026 at 4:10:00 AM UTC+9","김성균","https://trends.google.com/trends/explore?q=%EA%B9%80%EC%84%B1%EA%B7%A0&geo=KR&hl=en-US"
"산드로 토날리","200+","August 1, 2026 at 8:50:00 PM UTC+9","August 1, 2026 at 10:30:00 PM UTC+9","산드로 토날리","https://trends.google.com/trends/explore?q=%EC%82%B0%EB%93%9C%EB%A1%9C%20%ED%86%A0%EB%82%A0%EB%A6%AC&geo=KR&hl=en-US"
"홍예지","200+","July 31, 2026 at 11:50:00 AM UTC+9","July 31, 2026 at 2:50:00 PM UTC+9","홍예지","https://trends.google.com/trends/explore?q=%ED%99%8D%EC%98%88%EC%A7%80&geo=KR&hl=en-US"
"앤드류 가필드","200+","August 2, 2026 at 10:40:00 PM UTC+9","August 3, 2026 at 12:00:00 AM UTC+9","앤드류 가필드","https://trends.google.com/trends/explore?q=%EC%95%A4%EB%93%9C%EB%A5%98%20%EA%B0%80%ED%95%84%EB%93%9C&geo=KR&hl=en-US"
"mlb","500+","August 2, 2026 at 5:00:00 PM UTC+9","August 2, 2026 at 5:30:00 PM UTC+9","mlb","https://trends.google.com/trends/explore?q=mlb&geo=KR&hl=en-US"
"시어머니","500+","July 30, 2026 at 6:10:00 PM UTC+9","July 30, 2026 at 9:30:00 PM UTC+9","시어머니","https://trends.google.com/trends/explore?q=%EC%8B%9C%EC%96%B4%EB%A8%B8%EB%8B%88&geo=KR&hl=en-US"
"김나라","500+","July 29, 2026 at 1:40:00 PM UTC+9","July 30, 2026 at 12:30:00 AM UTC+9","김나라,킬잇","https://trends.google.com/trends/explore?q=%EA%B9%80%EB%82%98%EB%9D%BC&geo=KR&hl=en-US"
"msft","1K+","July 30, 2026 at 7:00:00 AM UTC+9","July 30, 2026 at 9:40:00 AM UTC+9","msft,msft stock,microsoft,yahoo finance","https://trends.google.com/trends/explore?q=msft&geo=KR&hl=en-US"
"인터 마이애미 cf","200+","August 1, 2026 at 10:00:00 AM UTC+9","August 1, 2026 at 12:30:00 PM UTC+9","인터 마이애미 cf","https://trends.google.com/trends/explore?q=%EC%9D%B8%ED%84%B0%20%EB%A7%88%EC%9D%B4%EC%95%A0%EB%AF%B8%20cf&geo=KR&hl=en-US"
"aapl","200+","July 31, 2026 at 6:20:00 AM UTC+9","July 31, 2026 at 9:20:00 AM UTC+9","aapl","https://trends.google.com/trends/explore?q=aapl&geo=KR&hl=en-US"
"mutv","200+","August 1, 2026 at 10:00:00 PM UTC+9","August 1, 2026 at 11:20:00 PM UTC+9","mutv","https://trends.google.com/trends/explore?q=mutv&geo=KR&hl=en-US"
"chelsea vs western sydney wanderers fc","1K+","July 28, 2026 at 6:50:00 PM UTC+9","July 28, 2026 at 10:30:00 PM UTC+9","chelsea vs western sydney wanderers fc,chelsea vs western sydney","https://trends.google.com/trends/explore?q=chelsea%20vs%20western%20sydney%20wanderers%20fc&geo=KR&hl=en-US"
"광주연구개발 특구 첨단3지구","200+","July 31, 2026 at 3:40:00 PM UTC+9","July 31, 2026 at 9:30:00 PM UTC+9","광주연구개발 특구 첨단3지구","https://trends.google.com/trends/explore?q=%EA%B4%91%EC%A3%BC%EC%97%B0%EA%B5%AC%EA%B0%9C%EB%B0%9C%20%ED%8A%B9%EA%B5%AC%20%EC%B2%A8%EB%8B%A83%EC%A7%80%EA%B5%AC&geo=KR&hl=en-US"
"명조 수수","200+","July 30, 2026 at 12:00:00 PM UTC+9","July 31, 2026 at 5:00:00 AM UTC+9","명조 수수","https://trends.google.com/trends/explore?q=%EB%AA%85%EC%A1%B0%20%EC%88%98%EC%88%98&geo=KR&hl=en-US"
"nhk","500+","July 28, 2026 at 5:10:00 PM UTC+9","July 29, 2026 at 8:00:00 AM UTC+9","nhk","https://trends.google.com/trends/explore?q=nhk&geo=KR&hl=en-US"
"강남원효성빌라","500+","July 29, 2026 at 5:30:00 AM UTC+9","July 29, 2026 at 9:30:00 AM UTC+9","강남원효성빌라","https://trends.google.com/trends/explore?q=%EA%B0%95%EB%82%A8%EC%9B%90%ED%9A%A8%EC%84%B1%EB%B9%8C%EB%9D%BC&geo=KR&hl=en-US"
"효성중공업","200+","August 1, 2026 at 2:20:00 PM UTC+9","August 1, 2026 at 5:10:00 PM UTC+9","효성중공업","https://trends.google.com/trends/explore?q=%ED%9A%A8%EC%84%B1%EC%A4%91%EA%B3%B5%EC%97%85&geo=KR&hl=en-US"
"오픈ai","500+","July 30, 2026 at 8:10:00 AM UTC+9","July 30, 2026 at 1:30:00 PM UTC+9","오픈ai","https://trends.google.com/trends/explore?q=%EC%98%A4%ED%94%88ai&geo=KR&hl=en-US"
"국채","200+","August 1, 2026 at 4:50:00 PM UTC+9","August 1, 2026 at 7:00:00 PM UTC+9","국채","https://trends.google.com/trends/explore?q=%EA%B5%AD%EC%B1%84&geo=KR&hl=en-US"
"미국 국가 정보국 국장","500+","July 30, 2026 at 7:30:00 PM UTC+9","July 31, 2026 at 7:50:00 AM UTC+9","미국 국가 정보국 국장,미국 국가정보국 국장","https://trends.google.com/trends/explore?q=%EB%AF%B8%EA%B5%AD%20%EA%B5%AD%EA%B0%80%20%EC%A0%95%EB%B3%B4%EA%B5%AD%20%EA%B5%AD%EC%9E%A5&geo=KR&hl=en-US"
"보조금","100+","August 3, 2026 at 7:00:00 AM UTC+9","August 3, 2026 at 7:40:00 AM UTC+9","보조금","https://trends.google.com/trends/explore?q=%EB%B3%B4%EC%A1%B0%EA%B8%88&geo=KR&hl=en-US"
"원자력","500+","August 1, 2026 at 9:20:00 PM UTC+9","August 1, 2026 at 10:10:00 PM UTC+9","원자력","https://trends.google.com/trends/explore?q=%EC%9B%90%EC%9E%90%EB%A0%A5&geo=KR&hl=en-US"
"사마라 위빙","200+","August 1, 2026 at 9:50:00 AM UTC+9","August 1, 2026 at 12:40:00 PM UTC+9","사마라 위빙","https://trends.google.com/trends/explore?q=%EC%82%AC%EB%A7%88%EB%9D%BC%20%EC%9C%84%EB%B9%99&geo=KR&hl=en-US"
"안우진","500+","August 1, 2026 at 3:00:00 PM UTC+9","August 1, 2026 at 5:30:00 PM UTC+9","안우진,엘지트윈스","https://trends.google.com/trends/explore?q=%EC%95%88%EC%9A%B0%EC%A7%84&geo=KR&hl=en-US"
"문희준","200+","August 1, 2026 at 6:50:00 PM UTC+9","August 1, 2026 at 8:20:00 PM UTC+9","문희준","https://trends.google.com/trends/explore?q=%EB%AC%B8%ED%9D%AC%EC%A4%80&geo=KR&hl=en-US"
"熊本","500+","July 28, 2026 at 5:30:00 PM UTC+9","July 29, 2026 at 2:20:00 AM UTC+9","熊本","https://trends.google.com/trends/explore?q=%E7%86%8A%E6%9C%AC&geo=KR&hl=en-US"
"박 산다라","200+","July 31, 2026 at 4:00:00 PM UTC+9","July 31, 2026 at 6:30:00 PM UTC+9","박 산다라","https://trends.google.com/trends/explore?q=%EB%B0%95%20%EC%82%B0%EB%8B%A4%EB%9D%BC&geo=KR&hl=en-US"
"문샷 ai","100+","August 3, 2026 at 3:10:00 PM UTC+9","August 3, 2026 at 3:40:00 PM UTC+9","문샷 ai","https://trends.google.com/trends/explore?q=%EB%AC%B8%EC%83%B7%20ai&geo=KR&hl=en-US"
"지네딘 지단","200+","July 30, 2026 at 5:40:00 AM UTC+9","July 30, 2026 at 11:10:00 AM UTC+9","지네딘 지단","https://trends.google.com/trends/explore?q=%EC%A7%80%EB%84%A4%EB%94%98%20%EC%A7%80%EB%8B%A8&geo=KR&hl=en-US"
"징역형","500+","July 29, 2026 at 5:20:00 PM UTC+9","July 29, 2026 at 8:20:00 PM UTC+9","징역형","https://trends.google.com/trends/explore?q=%EC%A7%95%EC%97%AD%ED%98%95&geo=KR&hl=en-US"
"우주선","200+","August 1, 2026 at 2:30:00 PM UTC+9","August 1, 2026 at 5:50:00 PM UTC+9","우주선","https://trends.google.com/trends/explore?q=%EC%9A%B0%EC%A3%BC%EC%84%A0&geo=KR&hl=en-US"
"호반건설","500+","July 28, 2026 at 1:20:00 PM UTC+9","July 28, 2026 at 6:30:00 PM UTC+9","호반건설","https://trends.google.com/trends/explore?q=%ED%98%B8%EB%B0%98%EA%B1%B4%EC%84%A4&geo=KR&hl=en-US"
"올러","500+","July 28, 2026 at 7:00:00 PM UTC+9","July 29, 2026 at 1:20:00 AM UTC+9","올러","https://trends.google.com/trends/explore?q=%EC%98%AC%EB%9F%AC&geo=KR&hl=en-US"
"당구","1K+","July 31, 2026 at 2:10:00 PM UTC+9","July 31, 2026 at 2:50:00 PM UTC+9","당구","https://trends.google.com/trends/explore?q=%EB%8B%B9%EA%B5%AC&geo=KR&hl=en-US"
"경상북도","200+","August 1, 2026 at 3:40:00 PM UTC+9","August 1, 2026 at 6:10:00 PM UTC+9","경상북도","https://trends.google.com/trends/explore?q=%EA%B2%BD%EC%83%81%EB%B6%81%EB%8F%84&geo=KR&hl=en-US"
"교수","500+","July 30, 2026 at 8:00:00 AM UTC+9","July 30, 2026 at 9:50:00 AM UTC+9","교수","https://trends.google.com/trends/explore?q=%EA%B5%90%EC%88%98&geo=KR&hl=en-US"
"유부녀킬러 웹툰","200+","August 1, 2026 at 10:50:00 PM UTC+9","August 2, 2026 at 1:30:00 PM UTC+9","유부녀킬러 웹툰","https://trends.google.com/trends/explore?q=%EC%9C%A0%EB%B6%80%EB%85%80%ED%82%AC%EB%9F%AC%20%EC%9B%B9%ED%88%B0&geo=KR&hl=en-US"
"나스닥","1K+","July 28, 2026 at 11:10:00 PM UTC+9","July 29, 2026 at 2:00:00 PM UTC+9","나스닥,다우 존스 산업평균지수,나스닥 100","https://trends.google.com/trends/explore?q=%EB%82%98%EC%8A%A4%EB%8B%A5&geo=KR&hl=en-US"
"예금","1K+","July 30, 2026 at 7:40:00 PM UTC+9","July 30, 2026 at 8:30:00 PM UTC+9","예금","https://trends.google.com/trends/explore?q=%EC%98%88%EA%B8%88&geo=KR&hl=en-US"
"정호영","200+","July 31, 2026 at 1:40:00 PM UTC+9","July 31, 2026 at 5:20:00 PM UTC+9","정호영","https://trends.google.com/trends/explore?q=%EC%A0%95%ED%98%B8%EC%98%81&geo=KR&hl=en-US"
"포항 지진","1K+","July 28, 2026 at 4:30:00 PM UTC+9","July 28, 2026 at 7:00:00 PM UTC+9","포항 지진,포항지진","https://trends.google.com/trends/explore?q=%ED%8F%AC%ED%95%AD%20%EC%A7%80%EC%A7%84&geo=KR&hl=en-US"
"마이크론 테크놀로지","200+","August 2, 2026 at 6:50:00 PM UTC+9","August 2, 2026 at 7:30:00 PM UTC+9","마이크론 테크놀로지,마이크론","https://trends.google.com/trends/explore?q=%EB%A7%88%EC%9D%B4%ED%81%AC%EB%A1%A0%20%ED%85%8C%ED%81%AC%EB%86%80%EB%A1%9C%EC%A7%80&geo=KR&hl=en-US"
"야이슬레","200+","July 30, 2026 at 5:30:00 PM UTC+9","July 30, 2026 at 9:00:00 PM UTC+9","야이슬레","https://trends.google.com/trends/explore?q=%EC%95%BC%EC%9D%B4%EC%8A%AC%EB%A0%88&geo=KR&hl=en-US"
"熊本 地震","500+","July 28, 2026 at 5:40:00 PM UTC+9","July 29, 2026 at 8:30:00 AM UTC+9","熊本 地震","https://trends.google.com/trends/explore?q=%E7%86%8A%E6%9C%AC%20%E5%9C%B0%E9%9C%87&geo=KR&hl=en-US"
"예금","1K+","July 29, 2026 at 5:50:00 AM UTC+9","July 29, 2026 at 7:50:00 AM UTC+9","예금","https://trends.google.com/trends/explore?q=%EC%98%88%EA%B8%88&geo=KR&hl=en-US"
"패션","500+","July 30, 2026 at 6:50:00 AM UTC+9","July 30, 2026 at 8:50:00 AM UTC+9","패션","https://trends.google.com/trends/explore?q=%ED%8C%A8%EC%85%98&geo=KR&hl=en-US"
"정찰기","500+","July 29, 2026 at 7:00:00 AM UTC+9","July 29, 2026 at 9:10:00 AM UTC+9","정찰기","https://trends.google.com/trends/explore?q=%EC%A0%95%EC%B0%B0%EA%B8%B0&geo=KR&hl=en-US"
"시내버스","100+","August 2, 2026 at 7:50:00 PM UTC+9","August 2, 2026 at 9:10:00 PM UTC+9","시내버스","https://trends.google.com/trends/explore?q=%EC%8B%9C%EB%82%B4%EB%B2%84%EC%8A%A4&geo=KR&hl=en-US"
"김호령","2K+","July 29, 2026 at 6:20:00 PM UTC+9","July 29, 2026 at 7:10:00 PM UTC+9","김호령","https://trends.google.com/trends/explore?q=%EA%B9%80%ED%98%B8%EB%A0%B9&geo=KR&hl=en-US"
"spurs vs sydney fc","500+","July 29, 2026 at 7:50:00 PM UTC+9","July 29, 2026 at 11:10:00 PM UTC+9","spurs vs sydney fc","https://trends.google.com/trends/explore?q=spurs%20vs%20sydney%20fc&geo=KR&hl=en-US"
"청두 j-36","200+","August 1, 2026 at 2:30:00 PM UTC+9","August 1, 2026 at 5:10:00 PM UTC+9","청두 j-36","https://trends.google.com/trends/explore?q=%EC%B2%AD%EB%91%90%20j-36&geo=KR&hl=en-US"
"fomc 일정","500+","July 29, 2026 at 4:20:00 AM UTC+9","July 30, 2026 at 3:30:00 AM UTC+9","fomc 일정","https://trends.google.com/trends/explore?q=fomc%20%EC%9D%BC%EC%A0%95&geo=KR&hl=en-US"
"인버스","500+","July 29, 2026 at 11:10:00 AM UTC+9","July 29, 2026 at 3:10:00 PM UTC+9","인버스","https://trends.google.com/trends/explore?q=%EC%9D%B8%EB%B2%84%EC%8A%A4&geo=KR&hl=en-US"
"южная корея","200+","July 31, 2026 at 5:10:00 AM UTC+9","July 31, 2026 at 9:40:00 AM UTC+9","южная корея","https://trends.google.com/trends/explore?q=%D1%8E%D0%B6%D0%BD%D0%B0%D1%8F%20%D0%BA%D0%BE%D1%80%D0%B5%D1%8F&geo=KR&hl=en-US"
"하나카드","200+","August 3, 2026 at 11:20:00 AM UTC+9","August 3, 2026 at 11:50:00 AM UTC+9","하나카드","https://trends.google.com/trends/explore?q=%ED%95%98%EB%82%98%EC%B9%B4%EB%93%9C&geo=KR&hl=en-US"
"재난","200+","August 1, 2026 at 6:40:00 PM UTC+9","August 1, 2026 at 7:30:00 PM UTC+9","재난","https://trends.google.com/trends/explore?q=%EC%9E%AC%EB%82%9C&geo=KR&hl=en-US"
"빗썸","500+","July 29, 2026 at 6:00:00 PM UTC+9","July 30, 2026 at 7:30:00 AM UTC+9","빗썸","https://trends.google.com/trends/explore?q=%EB%B9%97%EC%8D%B8&geo=KR&hl=en-US"
"한미약품","100+","August 1, 2026 at 5:40:00 AM UTC+9","August 1, 2026 at 2:00:00 PM UTC+9","한미약품","https://trends.google.com/trends/explore?q=%ED%95%9C%EB%AF%B8%EC%95%BD%ED%92%88&geo=KR&hl=en-US"
"nep vs ned","500+","July 29, 2026 at 5:30:00 PM UTC+9","July 29, 2026 at 7:50:00 PM UTC+9","nep vs ned","https://trends.google.com/trends/explore?q=nep%20vs%20ned&geo=KR&hl=en-US"
"행정중심복합도시","200+","July 29, 2026 at 9:20:00 AM UTC+9","July 29, 2026 at 2:50:00 PM UTC+9","행정중심복합도시","https://trends.google.com/trends/explore?q=%ED%96%89%EC%A0%95%EC%A4%91%EC%8B%AC%EB%B3%B5%ED%95%A9%EB%8F%84%EC%8B%9C&geo=KR&hl=en-US"
"파기환송","500+","July 28, 2026 at 2:10:00 PM UTC+9","July 29, 2026 at 6:40:00 AM UTC+9","파기환송","https://trends.google.com/trends/explore?q=%ED%8C%8C%EA%B8%B0%ED%99%98%EC%86%A1&geo=KR&hl=en-US"
"금남로","200+","August 2, 2026 at 4:10:00 PM UTC+9","August 2, 2026 at 5:20:00 PM UTC+9","금남로,연합뉴스","https://trends.google.com/trends/explore?q=%EA%B8%88%EB%82%A8%EB%A1%9C&geo=KR&hl=en-US"
"페라리","200+","July 30, 2026 at 7:50:00 PM UTC+9","July 31, 2026 at 9:20:00 AM UTC+9","페라리","https://trends.google.com/trends/explore?q=%ED%8E%98%EB%9D%BC%EB%A6%AC&geo=KR&hl=en-US"
"박해수","200+","July 31, 2026 at 10:20:00 PM UTC+9","July 31, 2026 at 11:50:00 PM UTC+9","박해수","https://trends.google.com/trends/explore?q=%EB%B0%95%ED%95%B4%EC%88%98&geo=KR&hl=en-US"
"특별감찰관","200+","July 31, 2026 at 5:40:00 PM UTC+9","August 1, 2026 at 8:10:00 AM UTC+9","특별감찰관","https://trends.google.com/trends/explore?q=%ED%8A%B9%EB%B3%84%EA%B0%90%EC%B0%B0%EA%B4%80&geo=KR&hl=en-US"
"비트마인","200+","July 31, 2026 at 9:00:00 PM UTC+9","July 31, 2026 at 10:30:00 PM UTC+9","비트마인","https://trends.google.com/trends/explore?q=%EB%B9%84%ED%8A%B8%EB%A7%88%EC%9D%B8&geo=KR&hl=en-US"
"모리야스 하지메","200+","July 29, 2026 at 6:00:00 AM UTC+9","July 29, 2026 at 9:30:00 AM UTC+9","모리야스 하지메","https://trends.google.com/trends/explore?q=%EB%AA%A8%EB%A6%AC%EC%95%BC%EC%8A%A4%20%ED%95%98%EC%A7%80%EB%A9%94&geo=KR&hl=en-US"
"бирмингем сити – барселона","200+","August 1, 2026 at 5:50:00 AM UTC+9","August 1, 2026 at 8:10:00 AM UTC+9","бирмингем сити – барселона","https://trends.google.com/trends/explore?q=%D0%B1%D0%B8%D1%80%D0%BC%D0%B8%D0%BD%D0%B3%D0%B5%D0%BC%20%D1%81%D0%B8%D1%82%D0%B8%20%E2%80%93%20%D0%B1%D0%B0%D1%80%D1%81%D0%B5%D0%BB%D0%BE%D0%BD%D0%B0&geo=KR&hl=en-US"
"공중 보건 의사","500+","July 28, 2026 at 5:40:00 PM UTC+9","July 29, 2026 at 7:40:00 AM UTC+9","공중 보건 의사,공중보건의사","https://trends.google.com/trends/explore?q=%EA%B3%B5%EC%A4%91%20%EB%B3%B4%EA%B1%B4%20%EC%9D%98%EC%82%AC&geo=KR&hl=en-US"
"조한선","200+","August 2, 2026 at 8:40:00 PM UTC+9","August 2, 2026 at 9:50:00 PM UTC+9","조한선,김혜준","https://trends.google.com/trends/explore?q=%EC%A1%B0%ED%95%9C%EC%84%A0&geo=KR&hl=en-US"
"부동산정책","500+","July 28, 2026 at 8:00:00 PM UTC+9","July 28, 2026 at 10:40:00 PM UTC+9","부동산정책","https://trends.google.com/trends/explore?q=%EB%B6%80%EB%8F%99%EC%82%B0%EC%A0%95%EC%B1%85&geo=KR&hl=en-US"
"숲","500+","August 1, 2026 at 2:20:00 PM UTC+9","August 1, 2026 at 3:00:00 PM UTC+9","숲","https://trends.google.com/trends/explore?q=%EC%88%B2&geo=KR&hl=en-US"
"schd","500+","July 29, 2026 at 6:20:00 AM UTC+9","July 29, 2026 at 8:40:00 AM UTC+9","schd","https://trends.google.com/trends/explore?q=schd&geo=KR&hl=en-US"
"롯데마트","200+","July 30, 2026 at 6:30:00 AM UTC+9","July 30, 2026 at 11:00:00 AM UTC+9","롯데마트","https://trends.google.com/trends/explore?q=%EB%A1%AF%EB%8D%B0%EB%A7%88%ED%8A%B8&geo=KR&hl=en-US"
"아현","200+","July 29, 2026 at 9:50:00 AM UTC+9","July 30, 2026 at 2:30:00 AM UTC+9","아현","https://trends.google.com/trends/explore?q=%EC%95%84%ED%98%84&geo=KR&hl=en-US"
"알테오젠","500+","July 29, 2026 at 11:10:00 AM UTC+9","July 29, 2026 at 12:30:00 PM UTC+9","알테오젠","https://trends.google.com/trends/explore?q=%EC%95%8C%ED%85%8C%EC%98%A4%EC%A0%A0&geo=KR&hl=en-US"
"피파","1K+","July 30, 2026 at 1:20:00 PM UTC+9","July 30, 2026 at 2:30:00 PM UTC+9","피파","https://trends.google.com/trends/explore?q=%ED%94%BC%ED%8C%8C&geo=KR&hl=en-US"
"사건","500+","July 29, 2026 at 8:20:00 AM UTC+9","July 29, 2026 at 9:50:00 AM UTC+9","사건","https://trends.google.com/trends/explore?q=%EC%82%AC%EA%B1%B4&geo=KR&hl=en-US"
"언니네 산지직송3","500+","July 30, 2026 at 9:40:00 PM UTC+9","July 30, 2026 at 11:30:00 PM UTC+9","언니네 산지직송3,노윤서","https://trends.google.com/trends/explore?q=%EC%96%B8%EB%8B%88%EB%84%A4%20%EC%82%B0%EC%A7%80%EC%A7%81%EC%86%A13&geo=KR&hl=en-US"
"김부장 더 유니버스","200+","July 31, 2026 at 10:00:00 PM UTC+9","August 1, 2026 at 1:10:00 AM UTC+9","김부장 더 유니버스","https://trends.google.com/trends/explore?q=%EA%B9%80%EB%B6%80%EC%9E%A5%20%EB%8D%94%20%EC%9C%A0%EB%8B%88%EB%B2%84%EC%8A%A4&geo=KR&hl=en-US"
"허수아비","200+","July 31, 2026 at 10:40:00 PM UTC+9","July 31, 2026 at 11:40:00 PM UTC+9","허수아비,이상이","https://trends.google.com/trends/explore?q=%ED%97%88%EC%88%98%EC%95%84%EB%B9%84&geo=KR&hl=en-US"
"white phosphorus munitions","200+","July 29, 2026 at 8:40:00 AM UTC+9","July 29, 2026 at 8:00:00 PM UTC+9","white phosphorus munitions","https://trends.google.com/trends/explore?q=white%20phosphorus%20munitions&geo=KR&hl=en-US"
"เชลซี พบ เวสเทิร์น ซิดนีย์","500+","July 28, 2026 at 7:10:00 PM UTC+9","July 28, 2026 at 9:50:00 PM UTC+9","เชลซี พบ เวสเทิร์น ซิดนีย์","https://trends.google.com/trends/explore?q=%E0%B9%80%E0%B8%8A%E0%B8%A5%E0%B8%8B%E0%B8%B5%20%E0%B8%9E%E0%B8%9A%20%E0%B9%80%E0%B8%A7%E0%B8%AA%E0%B9%80%E0%B8%97%E0%B8%B4%E0%B8%A3%E0%B9%8C%E0%B8%99%20%E0%B8%8B%E0%B8%B4%E0%B8%94%E0%B8%99%E0%B8%B5%E0%B8%A2%E0%B9%8C&geo=KR&hl=en-US"
"다우 존스 산업평균지수","500+","July 29, 2026 at 6:20:00 AM UTC+9","July 29, 2026 at 8:40:00 AM UTC+9","다우 존스 산업평균지수,마이크론,다우지수","https://trends.google.com/trends/explore?q=%EB%8B%A4%EC%9A%B0%20%EC%A1%B4%EC%8A%A4%20%EC%82%B0%EC%97%85%ED%8F%89%EA%B7%A0%EC%A7%80%EC%88%98&geo=KR&hl=en-US"
"문현빈","200+","August 1, 2026 at 8:00:00 PM UTC+9","August 1, 2026 at 9:20:00 PM UTC+9","문현빈","https://trends.google.com/trends/explore?q=%EB%AC%B8%ED%98%84%EB%B9%88&geo=KR&hl=en-US"
"레바논","100+","July 31, 2026 at 6:30:00 PM UTC+9","August 1, 2026 at 7:50:00 AM UTC+9","레바논","https://trends.google.com/trends/explore?q=%EB%A0%88%EB%B0%94%EB%85%BC&geo=KR&hl=en-US"
"키움","500+","July 29, 2026 at 9:30:00 PM UTC+9","July 30, 2026 at 12:10:00 AM UTC+9","키움,서건창","https://trends.google.com/trends/explore?q=%ED%82%A4%EC%9B%80&geo=KR&hl=en-US"
"유격수","200+","July 28, 2026 at 6:50:00 PM UTC+9","July 29, 2026 at 7:20:00 AM UTC+9","유격수","https://trends.google.com/trends/explore?q=%EC%9C%A0%EA%B2%A9%EC%88%98&geo=KR&hl=en-US"
"딴지일보","200+","August 1, 2026 at 8:00:00 PM UTC+9","August 1, 2026 at 9:20:00 PM UTC+9","딴지일보","https://trends.google.com/trends/explore?q=%EB%94%B4%EC%A7%80%EC%9D%BC%EB%B3%B4&geo=KR&hl=en-US"
"충북제천","100+","August 2, 2026 at 10:10:00 PM UTC+9","August 2, 2026 at 11:10:00 PM UTC+9","충북제천,너구리","https://trends.google.com/trends/explore?q=%EC%B6%A9%EB%B6%81%EC%A0%9C%EC%B2%9C&geo=KR&hl=en-US"
"한화솔루션","200+","July 29, 2026 at 6:00:00 PM UTC+9","July 29, 2026 at 8:10:00 PM UTC+9","한화솔루션","https://trends.google.com/trends/explore?q=%ED%95%9C%ED%99%94%EC%86%94%EB%A3%A8%EC%85%98&geo=KR&hl=en-US"
"카를로스 에스피","200+","July 31, 2026 at 8:10:00 AM UTC+9","July 31, 2026 at 1:50:00 PM UTC+9","카를로스 에스피","https://trends.google.com/trends/explore?q=%EC%B9%B4%EB%A5%BC%EB%A1%9C%EC%8A%A4%20%EC%97%90%EC%8A%A4%ED%94%BC&geo=KR&hl=en-US"
"보그","200+","July 31, 2026 at 7:20:00 PM UTC+9","July 31, 2026 at 10:30:00 PM UTC+9","보그","https://trends.google.com/trends/explore?q=%EB%B3%B4%EA%B7%B8&geo=KR&hl=en-US"
"강재준","200+","July 29, 2026 at 9:20:00 PM UTC+9","July 30, 2026 at 7:10:00 AM UTC+9","강재준","https://trends.google.com/trends/explore?q=%EA%B0%95%EC%9E%AC%EC%A4%80&geo=KR&hl=en-US"
"mlb","500+","August 1, 2026 at 4:00:00 PM UTC+9","August 1, 2026 at 4:30:00 PM UTC+9","mlb","https://trends.google.com/trends/explore?q=mlb&geo=KR&hl=en-US"
"천즈","200+","July 28, 2026 at 3:00:00 PM UTC+9","July 29, 2026 at 7:40:00 AM UTC+9","천즈","https://trends.google.com/trends/explore?q=%EC%B2%9C%EC%A6%88&geo=KR&hl=en-US"
"휴가","200+","July 31, 2026 at 5:30:00 PM UTC+9","July 31, 2026 at 6:40:00 PM UTC+9","휴가","https://trends.google.com/trends/explore?q=%ED%9C%B4%EA%B0%80&geo=KR&hl=en-US"
"제네시스 gv90","200+","July 31, 2026 at 5:40:00 AM UTC+9","July 31, 2026 at 7:00:00 AM UTC+9","제네시스 gv90","https://trends.google.com/trends/explore?q=%EC%A0%9C%EB%84%A4%EC%8B%9C%EC%8A%A4%20gv90&geo=KR&hl=en-US"
"birmingham đấu với barcelona","100+","August 1, 2026 at 6:00:00 AM UTC+9","August 1, 2026 at 10:10:00 AM UTC+9","birmingham đấu với barcelona","https://trends.google.com/trends/explore?q=birmingham%20%C4%91%E1%BA%A5u%20v%E1%BB%9Bi%20barcelona&geo=KR&hl=en-US"
"이정진","200+","July 29, 2026 at 8:20:00 PM UTC+9","July 30, 2026 at 8:50:00 AM UTC+9","이정진","https://trends.google.com/trends/explore?q=%EC%9D%B4%EC%A0%95%EC%A7%84&geo=KR&hl=en-US"
"코끼리","200+","July 30, 2026 at 7:30:00 PM UTC+9","July 31, 2026 at 6:00:00 AM UTC+9","코끼리","https://trends.google.com/trends/explore?q=%EC%BD%94%EB%81%BC%EB%A6%AC&geo=KR&hl=en-US"
"노웨이홈","200+","July 30, 2026 at 10:20:00 PM UTC+9","July 31, 2026 at 2:30:00 AM UTC+9","노웨이홈","https://trends.google.com/trends/explore?q=%EB%85%B8%EC%9B%A8%EC%9D%B4%ED%99%88&geo=KR&hl=en-US"
"ceuta","100+","July 31, 2026 at 5:40:00 PM UTC+9","August 1, 2026 at 9:00:00 AM UTC+9","ceuta","https://trends.google.com/trends/explore?q=ceuta&geo=KR&hl=en-US"
"환율","1K+","July 29, 2026 at 7:00:00 AM UTC+9","July 29, 2026 at 8:30:00 AM UTC+9","환율,달러원환율,달러 환율","https://trends.google.com/trends/explore?q=%ED%99%98%EC%9C%A8&geo=KR&hl=en-US"
"운세","500+","July 31, 2026 at 6:00:00 AM UTC+9","July 31, 2026 at 6:50:00 AM UTC+9","운세","https://trends.google.com/trends/explore?q=%EC%9A%B4%EC%84%B8&geo=KR&hl=en-US"
"373220","200+","July 30, 2026 at 4:50:00 PM UTC+9","July 30, 2026 at 6:20:00 PM UTC+9","373220","https://trends.google.com/trends/explore?q=373220&geo=KR&hl=en-US"
"레알 베티스 대 리옹","200+","July 30, 2026 at 6:20:00 AM UTC+9","July 30, 2026 at 9:40:00 AM UTC+9","레알 베티스 대 리옹","https://trends.google.com/trends/explore?q=%EB%A0%88%EC%95%8C%20%EB%B2%A0%ED%8B%B0%EC%8A%A4%20%EB%8C%80%20%EB%A6%AC%EC%98%B9&geo=KR&hl=en-US"
"테더","100+","July 31, 2026 at 10:10:00 PM UTC+9","August 1, 2026 at 5:30:00 AM UTC+9","테더","https://trends.google.com/trends/explore?q=%ED%85%8C%EB%8D%94&geo=KR&hl=en-US"
"체포","200+","July 30, 2026 at 8:40:00 PM UTC+9","July 30, 2026 at 10:00:00 PM UTC+9","체포","https://trends.google.com/trends/explore?q=%EC%B2%B4%ED%8F%AC&geo=KR&hl=en-US"
"빅뱅","200+","July 29, 2026 at 11:20:00 AM UTC+9","July 29, 2026 at 6:10:00 PM UTC+9","빅뱅","https://trends.google.com/trends/explore?q=%EB%B9%85%EB%B1%85&geo=KR&hl=en-US"
"토스증권","1K+","July 29, 2026 at 1:20:00 PM UTC+9","July 29, 2026 at 2:30:00 PM UTC+9","토스증권","https://trends.google.com/trends/explore?q=%ED%86%A0%EC%8A%A4%EC%A6%9D%EA%B6%8C&geo=KR&hl=en-US"
"질병관리청","100+","August 1, 2026 at 1:00:00 PM UTC+9","August 1, 2026 at 2:40:00 PM UTC+9","질병관리청","https://trends.google.com/trends/explore?q=%EC%A7%88%EB%B3%91%EA%B4%80%EB%A6%AC%EC%B2%AD&geo=KR&hl=en-US"
"대한민국 과학기술정보통신부","200+","July 30, 2026 at 6:50:00 AM UTC+9","July 30, 2026 at 9:50:00 AM UTC+9","대한민국 과학기술정보통신부","https://trends.google.com/trends/explore?q=%EB%8C%80%ED%95%9C%EB%AF%BC%EA%B5%AD%20%EA%B3%BC%ED%95%99%EA%B8%B0%EC%88%A0%EC%A0%95%EB%B3%B4%ED%86%B5%EC%8B%A0%EB%B6%80&geo=KR&hl=en-US"
"최정원","200+","July 29, 2026 at 10:20:00 PM UTC+9","July 30, 2026 at 3:40:00 AM UTC+9","최정원","https://trends.google.com/trends/explore?q=%EC%B5%9C%EC%A0%95%EC%9B%90&geo=KR&hl=en-US"
"춘천 닭갈비·막국수 축제","100+","August 1, 2026 at 5:30:00 AM UTC+9","August 1, 2026 at 8:10:00 AM UTC+9","춘천 닭갈비·막국수 축제","https://trends.google.com/trends/explore?q=%EC%B6%98%EC%B2%9C%20%EB%8B%AD%EA%B0%88%EB%B9%84%C2%B7%EB%A7%89%EA%B5%AD%EC%88%98%20%EC%B6%95%EC%A0%9C&geo=KR&hl=en-US"
"l g 에너지 솔루션","200+","July 29, 2026 at 5:30:00 AM UTC+9","July 29, 2026 at 9:10:00 AM UTC+9","l g 에너지 솔루션","https://trends.google.com/trends/explore?q=l%20g%20%EC%97%90%EB%84%88%EC%A7%80%20%EC%86%94%EB%A3%A8%EC%85%98&geo=KR&hl=en-US"
"소방","200+","July 30, 2026 at 7:00:00 AM UTC+9","July 30, 2026 at 8:20:00 AM UTC+9","소방","https://trends.google.com/trends/explore?q=%EC%86%8C%EB%B0%A9&geo=KR&hl=en-US"
"정호영","200+","July 28, 2026 at 8:00:00 PM UTC+9","July 29, 2026 at 7:00:00 AM UTC+9","정호영","https://trends.google.com/trends/explore?q=%EC%A0%95%ED%98%B8%EC%98%81&geo=KR&hl=en-US"
"휴대용 방공 미사일","200+","July 30, 2026 at 5:50:00 AM UTC+9","July 30, 2026 at 2:10:00 PM UTC+9","휴대용 방공 미사일","https://trends.google.com/trends/explore?q=%ED%9C%B4%EB%8C%80%EC%9A%A9%20%EB%B0%A9%EA%B3%B5%20%EB%AF%B8%EC%82%AC%EC%9D%BC&geo=KR&hl=en-US"
"오클라호마시티 선더","200+","July 28, 2026 at 3:50:00 PM UTC+9","July 28, 2026 at 8:10:00 PM UTC+9","오클라호마시티 선더","https://trends.google.com/trends/explore?q=%EC%98%A4%ED%81%B4%EB%9D%BC%ED%98%B8%EB%A7%88%EC%8B%9C%ED%8B%B0%20%EC%84%A0%EB%8D%94&geo=KR&hl=en-US"
"best places to retire","100+","August 2, 2026 at 3:30:00 AM UTC+9","August 2, 2026 at 7:10:00 AM UTC+9","best places to retire","https://trends.google.com/trends/explore?q=best%20places%20to%20retire&geo=KR&hl=en-US"
"glen hansard","200+","July 29, 2026 at 11:30:00 PM UTC+9","July 30, 2026 at 9:20:00 AM UTC+9","glen hansard","https://trends.google.com/trends/explore?q=glen%20hansard&geo=KR&hl=en-US"
"박세웅","200+","July 28, 2026 at 7:50:00 PM UTC+9","July 29, 2026 at 9:30:00 AM UTC+9","박세웅","https://trends.google.com/trends/explore?q=%EB%B0%95%EC%84%B8%EC%9B%85&geo=KR&hl=en-US"
"k리그2","200+","July 30, 2026 at 7:30:00 AM UTC+9","July 30, 2026 at 9:20:00 AM UTC+9","k리그2","https://trends.google.com/trends/explore?q=k%EB%A6%AC%EA%B7%B82&geo=KR&hl=en-US"
"경기도","100+","August 3, 2026 at 3:10:00 PM UTC+9","August 3, 2026 at 3:30:00 PM UTC+9","경기도","https://trends.google.com/trends/explore?q=%EA%B2%BD%EA%B8%B0%EB%8F%84&geo=KR&hl=en-US"
"여자 축구","100+","July 31, 2026 at 8:50:00 PM UTC+9","August 1, 2026 at 8:30:00 AM UTC+9","여자 축구","https://trends.google.com/trends/explore?q=%EC%97%AC%EC%9E%90%20%EC%B6%95%EA%B5%AC&geo=KR&hl=en-US"
"이윤진","200+","July 30, 2026 at 7:30:00 AM UTC+9","July 30, 2026 at 10:00:00 AM UTC+9","이윤진","https://trends.google.com/trends/explore?q=%EC%9D%B4%EC%9C%A4%EC%A7%84&geo=KR&hl=en-US"
"토마호크","100+","July 31, 2026 at 2:30:00 AM UTC+9","July 31, 2026 at 8:30:00 AM UTC+9","토마호크","https://trends.google.com/trends/explore?q=%ED%86%A0%EB%A7%88%ED%98%B8%ED%81%AC&geo=KR&hl=en-US"
"열펌프","100+","August 1, 2026 at 5:40:00 AM UTC+9","August 1, 2026 at 9:50:00 AM UTC+9","열펌프","https://trends.google.com/trends/explore?q=%EC%97%B4%ED%8E%8C%ED%94%84&geo=KR&hl=en-US"
"서인영","200+","July 31, 2026 at 6:20:00 AM UTC+9","July 31, 2026 at 7:20:00 AM UTC+9","서인영","https://trends.google.com/trends/explore?q=%EC%84%9C%EC%9D%B8%EC%98%81&geo=KR&hl=en-US"
"iren","200+","July 31, 2026 at 6:30:00 AM UTC+9","July 31, 2026 at 8:00:00 AM UTC+9","iren","https://trends.google.com/trends/explore?q=iren&geo=KR&hl=en-US"
"이호재","200+","July 30, 2026 at 5:30:00 PM UTC+9","July 30, 2026 at 7:40:00 PM UTC+9","이호재","https://trends.google.com/trends/explore?q=%EC%9D%B4%ED%98%B8%EC%9E%AC&geo=KR&hl=en-US"
"sadie sink","200+","July 29, 2026 at 10:40:00 PM UTC+9","July 30, 2026 at 3:00:00 AM UTC+9","sadie sink,spider man brand new day","https://trends.google.com/trends/explore?q=sadie%20sink&geo=KR&hl=en-US"
"지민","200+","July 30, 2026 at 5:50:00 PM UTC+9","July 30, 2026 at 6:50:00 PM UTC+9","지민","https://trends.google.com/trends/explore?q=%EC%A7%80%EB%AF%BC&geo=KR&hl=en-US"
"임대차","200+","July 31, 2026 at 5:30:00 PM UTC+9","July 31, 2026 at 6:40:00 PM UTC+9","임대차","https://trends.google.com/trends/explore?q=%EC%9E%84%EB%8C%80%EC%B0%A8&geo=KR&hl=en-US"
"ramayana trailer 2026","100+","July 31, 2026 at 12:00:00 AM UTC+9","July 31, 2026 at 3:20:00 AM UTC+9","ramayana trailer 2026","https://trends.google.com/trends/explore?q=ramayana%20trailer%202026&geo=KR&hl=en-US"
"경기도교육감","200+","July 30, 2026 at 7:50:00 AM UTC+9","July 30, 2026 at 9:20:00 AM UTC+9","경기도교육감","https://trends.google.com/trends/explore?q=%EA%B2%BD%EA%B8%B0%EB%8F%84%EA%B5%90%EC%9C%A1%EA%B0%90&geo=KR&hl=en-US"
"김아림","200+","July 28, 2026 at 5:00:00 PM UTC+9","July 29, 2026 at 7:50:00 AM UTC+9","김아림","https://trends.google.com/trends/explore?q=%EA%B9%80%EC%95%84%EB%A6%BC&geo=KR&hl=en-US"
"유재석","200+","July 28, 2026 at 5:10:00 PM UTC+9","July 29, 2026 at 8:20:00 AM UTC+9","유재석","https://trends.google.com/trends/explore?q=%EC%9C%A0%EC%9E%AC%EC%84%9D&geo=KR&hl=en-US"
"고양시","200+","July 29, 2026 at 12:20:00 PM UTC+9","July 29, 2026 at 2:30:00 PM UTC+9","고양시","https://trends.google.com/trends/explore?q=%EA%B3%A0%EC%96%91%EC%8B%9C&geo=KR&hl=en-US"
"빅터 레이예스","200+","July 31, 2026 at 1:40:00 PM UTC+9","July 31, 2026 at 3:00:00 PM UTC+9","빅터 레이예스","https://trends.google.com/trends/explore?q=%EB%B9%85%ED%84%B0%20%EB%A0%88%EC%9D%B4%EC%98%88%EC%8A%A4&geo=KR&hl=en-US"
"최원태","200+","July 28, 2026 at 8:00:00 PM UTC+9","July 29, 2026 at 4:50:00 AM UTC+9","최원태","https://trends.google.com/trends/explore?q=%EC%B5%9C%EC%9B%90%ED%83%9C&geo=KR&hl=en-US"
"조복래","200+","July 29, 2026 at 3:20:00 PM UTC+9","July 29, 2026 at 5:10:00 PM UTC+9","조복래","https://trends.google.com/trends/explore?q=%EC%A1%B0%EB%B3%B5%EB%9E%98&geo=KR&hl=en-US"
"캐시워크 정답","200+","July 28, 2026 at 11:30:00 AM UTC+9","July 28, 2026 at 8:40:00 PM UTC+9","캐시워크 정답","https://trends.google.com/trends/explore?q=%EC%BA%90%EC%8B%9C%EC%9B%8C%ED%81%AC%20%EC%A0%95%EB%8B%B5&geo=KR&hl=en-US"
"황치열","200+","July 28, 2026 at 6:30:00 PM UTC+9","July 29, 2026 at 6:10:00 AM UTC+9","황치열","https://trends.google.com/trends/explore?q=%ED%99%A9%EC%B9%98%EC%97%B4&geo=KR&hl=en-US"
"kiro","200+","July 29, 2026 at 9:30:00 PM UTC+9","July 30, 2026 at 9:40:00 AM UTC+9","kiro","https://trends.google.com/trends/explore?q=kiro&geo=KR&hl=en-US"
"회사","500+","July 28, 2026 at 12:00:00 PM UTC+9","July 28, 2026 at 1:10:00 PM UTC+9","회사","https://trends.google.com/trends/explore?q=%ED%9A%8C%EC%82%AC&geo=KR&hl=en-US"
"오승환","200+","July 29, 2026 at 5:40:00 PM UTC+9","July 29, 2026 at 7:20:00 PM UTC+9","오승환","https://trends.google.com/trends/explore?q=%EC%98%A4%EC%8A%B9%ED%99%98&geo=KR&hl=en-US"
"일본 금리","200+","July 31, 2026 at 12:00:00 PM UTC+9","July 31, 2026 at 1:20:00 PM UTC+9","일본 금리,중앙은행","https://trends.google.com/trends/explore?q=%EC%9D%BC%EB%B3%B8%20%EA%B8%88%EB%A6%AC&geo=KR&hl=en-US"
"voo","100+","August 1, 2026 at 6:30:00 AM UTC+9","August 1, 2026 at 8:30:00 AM UTC+9","voo","https://trends.google.com/trends/explore?q=voo&geo=KR&hl=en-US"
"한미반도체 주가","200+","July 31, 2026 at 9:30:00 AM UTC+9","July 31, 2026 at 3:20:00 PM UTC+9","한미반도체 주가","https://trends.google.com/trends/explore?q=%ED%95%9C%EB%AF%B8%EB%B0%98%EB%8F%84%EC%B2%B4%20%EC%A3%BC%EA%B0%80&geo=KR&hl=en-US"
"마이클 캐릭","200+","July 30, 2026 at 7:40:00 PM UTC+9","July 30, 2026 at 9:00:00 PM UTC+9","마이클 캐릭","https://trends.google.com/trends/explore?q=%EB%A7%88%EC%9D%B4%ED%81%B4%20%EC%BA%90%EB%A6%AD&geo=KR&hl=en-US"
"캐시워크 정답","200+","July 31, 2026 at 7:20:00 PM UTC+9","July 31, 2026 at 8:20:00 PM UTC+9","캐시워크 정답","https://trends.google.com/trends/explore?q=%EC%BA%90%EC%8B%9C%EC%9B%8C%ED%81%AC%20%EC%A0%95%EB%8B%B5&geo=KR&hl=en-US"
"한식대첩","100+","July 31, 2026 at 7:40:00 PM UTC+9","August 1, 2026 at 5:20:00 AM UTC+9","한식대첩","https://trends.google.com/trends/explore?q=%ED%95%9C%EC%8B%9D%EB%8C%80%EC%B2%A9&geo=KR&hl=en-US"
"연합인포맥스","200+","July 28, 2026 at 9:20:00 PM UTC+9","July 29, 2026 at 8:40:00 AM UTC+9","연합인포맥스","https://trends.google.com/trends/explore?q=%EC%97%B0%ED%95%A9%EC%9D%B8%ED%8F%AC%EB%A7%A5%EC%8A%A4&geo=KR&hl=en-US"
"의사","100+","August 1, 2026 at 6:50:00 AM UTC+9","August 1, 2026 at 8:00:00 AM UTC+9","의사","https://trends.google.com/trends/explore?q=%EC%9D%98%EC%82%AC&geo=KR&hl=en-US"
"kospi","200+","July 31, 2026 at 9:30:00 AM UTC+9","July 31, 2026 at 10:40:00 AM UTC+9","kospi","https://trends.google.com/trends/explore?q=kospi&geo=KR&hl=en-US"
"정우주","500+","July 31, 2026 at 12:20:00 PM UTC+9","July 31, 2026 at 12:50:00 PM UTC+9","정우주","https://trends.google.com/trends/explore?q=%EC%A0%95%EC%9A%B0%EC%A3%BC&geo=KR&hl=en-US"
"지진희","200+","July 28, 2026 at 4:30:00 PM UTC+9","July 28, 2026 at 6:00:00 PM UTC+9","지진희","https://trends.google.com/trends/explore?q=%EC%A7%80%EC%A7%84%ED%9D%AC&geo=KR&hl=en-US"
"넥슨","500+","August 1, 2026 at 12:20:00 AM UTC+9","August 1, 2026 at 1:10:00 AM UTC+9","넥슨","https://trends.google.com/trends/explore?q=%EB%84%A5%EC%8A%A8&geo=KR&hl=en-US"
"통영 살인 사건","100+","July 28, 2026 at 8:40:00 PM UTC+9","July 29, 2026 at 8:50:00 AM UTC+9","통영 살인 사건","https://trends.google.com/trends/explore?q=%ED%86%B5%EC%98%81%20%EC%82%B4%EC%9D%B8%20%EC%82%AC%EA%B1%B4&geo=KR&hl=en-US"
"엘지트윈스","200+","July 31, 2026 at 1:50:00 PM UTC+9","July 31, 2026 at 2:50:00 PM UTC+9","엘지트윈스","https://trends.google.com/trends/explore?q=%EC%97%98%EC%A7%80%ED%8A%B8%EC%9C%88%EC%8A%A4&geo=KR&hl=en-US"
"베스킨라빈스","100+","July 31, 2026 at 6:40:00 PM UTC+9","July 31, 2026 at 9:30:00 PM UTC+9","베스킨라빈스","https://trends.google.com/trends/explore?q=%EB%B2%A0%EC%8A%A4%ED%82%A8%EB%9D%BC%EB%B9%88%EC%8A%A4&geo=KR&hl=en-US"
"tqqq","200+","August 1, 2026 at 6:30:00 AM UTC+9","August 1, 2026 at 7:30:00 AM UTC+9","tqqq","https://trends.google.com/trends/explore?q=tqqq&geo=KR&hl=en-US"
"vix","200+","August 1, 2026 at 6:30:00 AM UTC+9","August 1, 2026 at 7:40:00 AM UTC+9","vix","https://trends.google.com/trends/explore?q=vix&geo=KR&hl=en-US"
"휴머노이드 로봇","100+","August 1, 2026 at 7:30:00 AM UTC+9","August 1, 2026 at 8:30:00 AM UTC+9","휴머노이드 로봇","https://trends.google.com/trends/explore?q=%ED%9C%B4%EB%A8%B8%EB%85%B8%EC%9D%B4%EB%93%9C%20%EB%A1%9C%EB%B4%87&geo=KR&hl=en-US"
"알뜰폰","100+","August 1, 2026 at 11:10:00 AM UTC+9","August 1, 2026 at 2:00:00 PM UTC+9","알뜰폰","https://trends.google.com/trends/explore?q=%EC%95%8C%EB%9C%B0%ED%8F%B0&geo=KR&hl=en-US"
"afc u-23 아시안컵","100+","July 31, 2026 at 12:50:00 PM UTC+9","July 31, 2026 at 5:00:00 PM UTC+9","afc u-23 아시안컵","https://trends.google.com/trends/explore?q=afc%20u-23%20%EC%95%84%EC%8B%9C%EC%95%88%EC%BB%B5&geo=KR&hl=en-US"
"만치니","100+","July 28, 2026 at 11:00:00 PM UTC+9","July 29, 2026 at 3:00:00 AM UTC+9","만치니","https://trends.google.com/trends/explore?q=%EB%A7%8C%EC%B9%98%EB%8B%88&geo=KR&hl=en-US"
"atlético madrid vs getafe","200+","July 30, 2026 at 7:00:00 AM UTC+9","July 30, 2026 at 8:30:00 AM UTC+9","atlético madrid vs getafe","https://trends.google.com/trends/explore?q=atl%C3%A9tico%20madrid%20vs%20getafe&geo=KR&hl=en-US"
"화학무기","200+","July 28, 2026 at 4:50:00 PM UTC+9","July 28, 2026 at 6:20:00 PM UTC+9","화학무기","https://trends.google.com/trends/explore?q=%ED%99%94%ED%95%99%EB%AC%B4%EA%B8%B0&geo=KR&hl=en-US"
"cgv","500+","July 29, 2026 at 12:00:00 PM UTC+9","July 29, 2026 at 1:00:00 PM UTC+9","cgv","https://trends.google.com/trends/explore?q=cgv&geo=KR&hl=en-US"
"한국공항공사","100+","July 31, 2026 at 12:00:00 AM UTC+9","July 31, 2026 at 9:20:00 AM UTC+9","한국공항공사","https://trends.google.com/trends/explore?q=%ED%95%9C%EA%B5%AD%EA%B3%B5%ED%95%AD%EA%B3%B5%EC%82%AC&geo=KR&hl=en-US"
"하이닉스 주식","200+","July 29, 2026 at 1:20:00 PM UTC+9","July 29, 2026 at 3:00:00 PM UTC+9","하이닉스 주식","https://trends.google.com/trends/explore?q=%ED%95%98%EC%9D%B4%EB%8B%89%EC%8A%A4%20%EC%A3%BC%EC%8B%9D&geo=KR&hl=en-US"
"킥보드","200+","July 29, 2026 at 7:20:00 PM UTC+9","July 29, 2026 at 9:10:00 PM UTC+9","킥보드","https://trends.google.com/trends/explore?q=%ED%82%A5%EB%B3%B4%EB%93%9C&geo=KR&hl=en-US"
"메가박스","500+","July 29, 2026 at 12:40:00 AM UTC+9","July 29, 2026 at 1:30:00 PM UTC+9","메가박스","https://trends.google.com/trends/explore?q=%EB%A9%94%EA%B0%80%EB%B0%95%EC%8A%A4&geo=KR&hl=en-US"
"경상남도","100+","July 31, 2026 at 11:30:00 AM UTC+9","July 31, 2026 at 12:50:00 PM UTC+9","경상남도","https://trends.google.com/trends/explore?q=%EA%B2%BD%EC%83%81%EB%82%A8%EB%8F%84&geo=KR&hl=en-US"
"한국반도체","100+","July 30, 2026 at 10:30:00 PM UTC+9","July 31, 2026 at 7:50:00 AM UTC+9","한국반도체","https://trends.google.com/trends/explore?q=%ED%95%9C%EA%B5%AD%EB%B0%98%EB%8F%84%EC%B2%B4&geo=KR&hl=en-US"
"의과대학","200+","July 29, 2026 at 6:40:00 PM UTC+9","July 29, 2026 at 7:30:00 PM UTC+9","의과대학","https://trends.google.com/trends/explore?q=%EC%9D%98%EA%B3%BC%EB%8C%80%ED%95%99&geo=KR&hl=en-US"
"leopold aschenbrenner","100+","July 31, 2026 at 7:20:00 AM UTC+9","July 31, 2026 at 12:30:00 PM UTC+9","leopold aschenbrenner","https://trends.google.com/trends/explore?q=leopold%20aschenbrenner&geo=KR&hl=en-US"
"물","100+","July 29, 2026 at 6:50:00 AM UTC+9","July 29, 2026 at 8:50:00 AM UTC+9","물","https://trends.google.com/trends/explore?q=%EB%AC%BC&geo=KR&hl=en-US"
"데프콘","200+","July 29, 2026 at 10:30:00 AM UTC+9","July 29, 2026 at 12:30:00 PM UTC+9","데프콘","https://trends.google.com/trends/explore?q=%EB%8D%B0%ED%94%84%EC%BD%98&geo=KR&hl=en-US"
"aston villa vs real sociedad","100+","July 29, 2026 at 6:40:00 AM UTC+9","July 29, 2026 at 8:30:00 AM UTC+9","aston villa vs real sociedad","https://trends.google.com/trends/explore?q=aston%20villa%20vs%20real%20sociedad&geo=KR&hl=en-US"
"축의금","100+","July 31, 2026 at 1:40:00 PM UTC+9","July 31, 2026 at 2:40:00 PM UTC+9","축의금","https://trends.google.com/trends/explore?q=%EC%B6%95%EC%9D%98%EA%B8%88&geo=KR&hl=en-US"
"불법행위","100+","July 31, 2026 at 8:00:00 AM UTC+9","July 31, 2026 at 9:10:00 AM UTC+9","불법행위","https://trends.google.com/trends/explore?q=%EB%B6%88%EB%B2%95%ED%96%89%EC%9C%84&geo=KR&hl=en-US"
"문정빈","200+","July 31, 2026 at 7:40:00 PM UTC+9","July 31, 2026 at 8:40:00 PM UTC+9","문정빈","https://trends.google.com/trends/explore?q=%EB%AC%B8%EC%A0%95%EB%B9%88&geo=KR&hl=en-US"
"롯데","200+","July 30, 2026 at 9:50:00 PM UTC+9","July 30, 2026 at 11:00:00 PM UTC+9","롯데","https://trends.google.com/trends/explore?q=%EB%A1%AF%EB%8D%B0&geo=KR&hl=en-US"
"오리올스 대 타이거스","200+","July 30, 2026 at 6:50:00 AM UTC+9","July 30, 2026 at 8:10:00 AM UTC+9","오리올스 대 타이거스","https://trends.google.com/trends/explore?q=%EC%98%A4%EB%A6%AC%EC%98%AC%EC%8A%A4%20%EB%8C%80%20%ED%83%80%EC%9D%B4%EA%B1%B0%EC%8A%A4&geo=KR&hl=en-US"
"rottach-egern vs bayern","100+","July 31, 2026 at 7:20:00 AM UTC+9","July 31, 2026 at 8:50:00 AM UTC+9","rottach-egern vs bayern","https://trends.google.com/trends/explore?q=rottach-egern%20vs%20bayern&geo=KR&hl=en-US"
"보그","200+","July 28, 2026 at 9:30:00 PM UTC+9","July 29, 2026 at 4:50:00 AM UTC+9","보그","https://trends.google.com/trends/explore?q=%EB%B3%B4%EA%B7%B8&geo=KR&hl=en-US"
"토지","100+","July 30, 2026 at 4:20:00 PM UTC+9","July 30, 2026 at 5:40:00 PM UTC+9","토지","https://trends.google.com/trends/explore?q=%ED%86%A0%EC%A7%80&geo=KR&hl=en-US"
"군의관","200+","July 28, 2026 at 1:30:00 PM UTC+9","July 28, 2026 at 3:10:00 PM UTC+9","군의관","https://trends.google.com/trends/explore?q=%EA%B5%B0%EC%9D%98%EA%B4%80&geo=KR&hl=en-US"
"창원시","100+","July 30, 2026 at 9:10:00 AM UTC+9","July 30, 2026 at 12:00:00 PM UTC+9","창원시","https://trends.google.com/trends/explore?q=%EC%B0%BD%EC%9B%90%EC%8B%9C&geo=KR&hl=en-US"
"aapl","200+","July 30, 2026 at 7:40:00 AM UTC+9","July 30, 2026 at 8:50:00 AM UTC+9","aapl,iphone","https://trends.google.com/trends/explore?q=aapl&geo=KR&hl=en-US"
"배종옥","200+","July 29, 2026 at 7:40:00 AM UTC+9","July 29, 2026 at 9:00:00 AM UTC+9","배종옥","https://trends.google.com/trends/explore?q=%EB%B0%B0%EC%A2%85%EC%98%A5&geo=KR&hl=en-US"
"cj제일제당","100+","July 29, 2026 at 12:40:00 PM UTC+9","July 29, 2026 at 4:40:00 PM UTC+9","cj제일제당","https://trends.google.com/trends/explore?q=cj%EC%A0%9C%EC%9D%BC%EC%A0%9C%EB%8B%B9&geo=KR&hl=en-US"
"인구감소","100+","August 1, 2026 at 8:50:00 AM UTC+9","August 1, 2026 at 11:10:00 AM UTC+9","인구감소","https://trends.google.com/trends/explore?q=%EC%9D%B8%EA%B5%AC%EA%B0%90%EC%86%8C&geo=KR&hl=en-US"
"롯데손해보험","100+","July 29, 2026 at 12:40:00 PM UTC+9","July 29, 2026 at 2:10:00 PM UTC+9","롯데손해보험","https://trends.google.com/trends/explore?q=%EB%A1%AF%EB%8D%B0%EC%86%90%ED%95%B4%EB%B3%B4%ED%97%98&geo=KR&hl=en-US"
"오마이뉴스","200+","July 29, 2026 at 7:30:00 AM UTC+9","July 29, 2026 at 8:40:00 AM UTC+9","오마이뉴스","https://trends.google.com/trends/explore?q=%EC%98%A4%EB%A7%88%EC%9D%B4%EB%89%B4%EC%8A%A4&geo=KR&hl=en-US"
"발전소","100+","July 29, 2026 at 5:20:00 AM UTC+9","July 29, 2026 at 8:50:00 AM UTC+9","발전소","https://trends.google.com/trends/explore?q=%EB%B0%9C%EC%A0%84%EC%86%8C&geo=KR&hl=en-US"
"이라크","100+","July 30, 2026 at 1:20:00 PM UTC+9","July 30, 2026 at 6:00:00 PM UTC+9","이라크","https://trends.google.com/trends/explore?q=%EC%9D%B4%EB%9D%BC%ED%81%AC&geo=KR&hl=en-US"
"mlb","1K+","July 29, 2026 at 5:30:00 PM UTC+9","July 29, 2026 at 5:50:00 PM UTC+9","mlb","https://trends.google.com/trends/explore?q=mlb&geo=KR&hl=en-US"
"chelsea đấu với ws wanderers","200+","July 28, 2026 at 7:40:00 PM UTC+9","July 28, 2026 at 9:00:00 PM UTC+9","chelsea đấu với ws wanderers","https://trends.google.com/trends/explore?q=chelsea%20%C4%91%E1%BA%A5u%20v%E1%BB%9Bi%20ws%20wanderers&geo=KR&hl=en-US"
"272210","100+","July 29, 2026 at 5:20:00 PM UTC+9","July 29, 2026 at 6:20:00 PM UTC+9","272210","https://trends.google.com/trends/explore?q=272210&geo=KR&hl=en-US"
"최홍라","200+","July 28, 2026 at 8:00:00 PM UTC+9","July 28, 2026 at 9:10:00 PM UTC+9","최홍라","https://trends.google.com/trends/explore?q=%EC%B5%9C%ED%99%8D%EB%9D%BC&geo=KR&hl=en-US"
"대한민국 해양경찰청","100+","July 28, 2026 at 5:40:00 PM UTC+9","July 29, 2026 at 7:20:00 AM UTC+9","대한민국 해양경찰청","https://trends.google.com/trends/explore?q=%EB%8C%80%ED%95%9C%EB%AF%BC%EA%B5%AD%20%ED%95%B4%EC%96%91%EA%B2%BD%EC%B0%B0%EC%B2%AD&geo=KR&hl=en-US"
"임우일","200+","July 30, 2026 at 6:40:00 AM UTC+9","July 30, 2026 at 8:00:00 AM UTC+9","임우일","https://trends.google.com/trends/explore?q=%EC%9E%84%EC%9A%B0%EC%9D%BC&geo=KR&hl=en-US"
"test","100+","July 30, 2026 at 8:30:00 AM UTC+9","July 30, 2026 at 9:50:00 AM UTC+9","test","https://trends.google.com/trends/explore?q=test&geo=KR&hl=en-US"
"태양광 발전","200+","July 30, 2026 at 5:50:00 AM UTC+9","July 30, 2026 at 6:20:00 AM UTC+9","태양광 발전","https://trends.google.com/trends/explore?q=%ED%83%9C%EC%96%91%EA%B4%91%20%EB%B0%9C%EC%A0%84&geo=KR&hl=en-US"
"미래에셋증권","100+","July 31, 2026 at 8:50:00 AM UTC+9","July 31, 2026 at 10:00:00 AM UTC+9","미래에셋증권","https://trends.google.com/trends/explore?q=%EB%AF%B8%EB%9E%98%EC%97%90%EC%85%8B%EC%A6%9D%EA%B6%8C&geo=KR&hl=en-US"
"etf","100+","July 29, 2026 at 1:10:00 PM UTC+9","July 29, 2026 at 2:30:00 PM UTC+9","etf","https://trends.google.com/trends/explore?q=etf&geo=KR&hl=en-US"
"디즈니","100+","August 1, 2026 at 1:10:00 AM UTC+9","August 1, 2026 at 2:20:00 AM UTC+9","디즈니","https://trends.google.com/trends/explore?q=%EB%94%94%EC%A6%88%EB%8B%88&geo=KR&hl=en-US"
"김상욱","100+","July 29, 2026 at 8:10:00 AM UTC+9","July 29, 2026 at 9:20:00 AM UTC+9","김상욱","https://trends.google.com/trends/explore?q=%EA%B9%80%EC%83%81%EC%9A%B1&geo=KR&hl=en-US"
"sndk","200+","July 31, 2026 at 7:00:00 AM UTC+9","July 31, 2026 at 7:50:00 AM UTC+9","sndk,qqq","https://trends.google.com/trends/explore?q=sndk&geo=KR&hl=en-US"
"kt wiz","100+","July 31, 2026 at 9:50:00 PM UTC+9","July 31, 2026 at 10:30:00 PM UTC+9","kt wiz","https://trends.google.com/trends/explore?q=kt%20wiz&geo=KR&hl=en-US"
"전준표","100+","July 28, 2026 at 7:40:00 PM UTC+9","July 28, 2026 at 8:50:00 PM UTC+9","전준표","https://trends.google.com/trends/explore?q=%EC%A0%84%EC%A4%80%ED%91%9C&geo=KR&hl=en-US"
"fear and greed index","100+","July 30, 2026 at 6:30:00 AM UTC+9","July 30, 2026 at 9:00:00 AM UTC+9","fear and greed index","https://trends.google.com/trends/explore?q=fear%20and%20greed%20index&geo=KR&hl=en-US"
"제주항공","100+","August 1, 2026 at 12:50:00 AM UTC+9","August 1, 2026 at 1:40:00 AM UTC+9","제주항공","https://trends.google.com/trends/explore?q=%EC%A0%9C%EC%A3%BC%ED%95%AD%EA%B3%B5&geo=KR&hl=en-US"
"wti","100+","July 29, 2026 at 7:50:00 AM UTC+9","July 29, 2026 at 9:10:00 AM UTC+9","wti","https://trends.google.com/trends/explore?q=wti&geo=KR&hl=en-US"
"김재원","200+","July 30, 2026 at 12:00:00 PM UTC+9","July 30, 2026 at 12:30:00 PM UTC+9","김재원","https://trends.google.com/trends/explore?q=%EA%B9%80%EC%9E%AC%EC%9B%90&geo=KR&hl=en-US"
"조계원","100+","July 30, 2026 at 7:10:00 PM UTC+9","July 30, 2026 at 8:00:00 PM UTC+9","조계원","https://trends.google.com/trends/explore?q=%EC%A1%B0%EA%B3%84%EC%9B%90&geo=KR&hl=en-US"
"두산베어스","100+","July 29, 2026 at 10:00:00 AM UTC+9","July 29, 2026 at 10:50:00 AM UTC+9","두산베어스","https://trends.google.com/trends/explore?q=%EB%91%90%EC%82%B0%EB%B2%A0%EC%96%B4%EC%8A%A4&geo=KR&hl=en-US"
"골프장","100+","July 30, 2026 at 7:10:00 PM UTC+9","July 30, 2026 at 7:40:00 PM UTC+9","골프장","https://trends.google.com/trends/explore?q=%EA%B3%A8%ED%94%84%EC%9E%A5&geo=KR&hl=en-US"
"곤살로 가르시아","100+","July 30, 2026 at 8:50:00 PM UTC+9","July 30, 2026 at 9:40:00 PM UTC+9","곤살로 가르시아","https://trends.google.com/trends/explore?q=%EA%B3%A4%EC%82%B4%EB%A1%9C%20%EA%B0%80%EB%A5%B4%EC%8B%9C%EC%95%84&geo=KR&hl=en-US"
"광역철도","100+","July 30, 2026 at 9:40:00 PM UTC+9","July 30, 2026 at 10:40:00 PM UTC+9","광역철도","https://trends.google.com/trends/explore?q=%EA%B4%91%EC%97%AD%EC%B2%A0%EB%8F%84&geo=KR&hl=en-US"
"fear and greed","100+","July 28, 2026 at 11:10:00 PM UTC+9","July 29, 2026 at 12:30:00 AM UTC+9","fear and greed","https://trends.google.com/trends/explore?q=fear%20and%20greed&geo=KR&hl=en-US"
"군산시","100+","July 28, 2026 at 3:10:00 PM UTC+9","July 28, 2026 at 5:00:00 PM UTC+9","군산시","https://trends.google.com/trends/explore?q=%EA%B5%B0%EC%82%B0%EC%8B%9C&geo=KR&hl=en-US"
"철구 케이","100+","July 29, 2026 at 4:40:00 PM UTC+9","July 29, 2026 at 10:10:00 PM UTC+9","철구 케이","https://trends.google.com/trends/explore?q=%EC%B2%A0%EA%B5%AC%20%EC%BC%80%EC%9D%B4&geo=KR&hl=en-US"
"삼성그룹","200+","July 28, 2026 at 7:10:00 PM UTC+9","July 28, 2026 at 7:40:00 PM UTC+9","삼성그룹","https://trends.google.com/trends/explore?q=%EC%82%BC%EC%84%B1%EA%B7%B8%EB%A3%B9&geo=KR&hl=en-US"
"현대차 주가","200+","July 31, 2026 at 10:10:00 AM UTC+9","July 31, 2026 at 10:30:00 AM UTC+9","현대차 주가","https://trends.google.com/trends/explore?q=%ED%98%84%EB%8C%80%EC%B0%A8%20%EC%A3%BC%EA%B0%80&geo=KR&hl=en-US"
"ionq","100+","July 29, 2026 at 6:40:00 AM UTC+9","July 29, 2026 at 7:20:00 AM UTC+9","ionq","https://trends.google.com/trends/explore?q=ionq&geo=KR&hl=en-US"
"파라 타 항공","100+","July 28, 2026 at 6:40:00 PM UTC+9","July 28, 2026 at 7:20:00 PM UTC+9","파라 타 항공","https://trends.google.com/trends/explore?q=%ED%8C%8C%EB%9D%BC%20%ED%83%80%20%ED%95%AD%EA%B3%B5&geo=KR&hl=en-US"
"voo","100+","July 29, 2026 at 6:40:00 AM UTC+9","July 29, 2026 at 7:30:00 AM UTC+9","voo","https://trends.google.com/trends/explore?q=voo&geo=KR&hl=en-US"
"롯데월드","100+","July 29, 2026 at 10:10:00 AM UTC+9","July 29, 2026 at 10:30:00 AM UTC+9","롯데월드","https://trends.google.com/trends/explore?q=%EB%A1%AF%EB%8D%B0%EC%9B%94%EB%93%9C&geo=KR&hl=en-US"